"followers","genres","href","id","name","popularity","type","uri"
8941786,"hip hop, pop rap","https://api.spotify.com/v1/artists/6fOMl44jA4Sp5b9PpYCkzz","6fOMl44jA4Sp5b9PpYCkzz","NF",79,"artist","spotify:artist:6fOMl44jA4Sp5b9PpYCkzz"
1676755,"alternative metal, comedy rock, comic, comic metal, parody","https://api.spotify.com/v1/artists/1XpDYCrUJnvCo9Ez6yeMWh","1XpDYCrUJnvCo9Ez6yeMWh","Tenacious D",62,"artist","spotify:artist:1XpDYCrUJnvCo9Ez6yeMWh"
9566,"","https://api.spotify.com/v1/artists/1EUzyYvatkdogNrYYSxfOn","1EUzyYvatkdogNrYYSxfOn","Uncle Chris",28,"artist","spotify:artist:1EUzyYvatkdogNrYYSxfOn"
220841,"alternative dance, indie poptimism, nu disco","https://api.spotify.com/v1/artists/2x7EATekOPhFGRx3syMGEC","2x7EATekOPhFGRx3syMGEC","The Knocks",59,"artist","spotify:artist:2x7EATekOPhFGRx3syMGEC"
79508334,"canadian hip hop, canadian pop, hip hop, pop rap, rap","https://api.spotify.com/v1/artists/3TVXtAsR1Inumwj472S9r4","3TVXtAsR1Inumwj472S9r4","Drake",94,"artist","spotify:artist:3TVXtAsR1Inumwj472S9r4"
628096,"indie pop, pov: indie, psychedelic pop","https://api.spotify.com/v1/artists/5p9HO3XC5P3BLxJs5Mtrhm","5p9HO3XC5P3BLxJs5Mtrhm","Djo",58,"artist","spotify:artist:5p9HO3XC5P3BLxJs5Mtrhm"
2137282,"boy band, rap","https://api.spotify.com/v1/artists/1Bl6wpkWCQ4KVgnASpvzzA","1Bl6wpkWCQ4KVgnASpvzzA","BROCKHAMPTON",64,"artist","spotify:artist:1Bl6wpkWCQ4KVgnASpvzzA"
5811368,"alternative metal, canadian metal, canadian rock, nu metal, post-grunge, rock","https://api.spotify.com/v1/artists/2xiIXseIJcq3nG7C8fHeBj","2xiIXseIJcq3nG7C8fHeBj","Three Days Grace",72,"artist","spotify:artist:2xiIXseIJcq3nG7C8fHeBj"
23104289,"pop, uk pop","https://api.spotify.com/v1/artists/2wY79sveU1sp5g7SokKOiI","2wY79sveU1sp5g7SokKOiI","Sam Smith",83,"artist","spotify:artist:2wY79sveU1sp5g7SokKOiI"
10376895,"album rock, classic rock, rock, soft rock, yacht rock","https://api.spotify.com/v1/artists/08GQAI4eElDnROBrJRGE0X","08GQAI4eElDnROBrJRGE0X","Fleetwood Mac",80,"artist","spotify:artist:08GQAI4eElDnROBrJRGE0X"
593541,"american contemporary classical, classical, compositional ambient, contemporary classical, minimalism","https://api.spotify.com/v1/artists/69lxxQvsfAIoQbB20bEPFC","69lxxQvsfAIoQbB20bEPFC","Philip Glass",57,"artist","spotify:artist:69lxxQvsfAIoQbB20bEPFC"
17069,"funk rock, miami indie","https://api.spotify.com/v1/artists/20LhC1gJIZQvzwrrHprZiJ","20LhC1gJIZQvzwrrHprZiJ","Robby Hunter Band",32,"artist","spotify:artist:20LhC1gJIZQvzwrrHprZiJ"
113338,"indie pop, indie surf, vermont indie","https://api.spotify.com/v1/artists/06W84OT2eFUNVwG85UsxJw","06W84OT2eFUNVwG85UsxJw","Caroline Rose",48,"artist","spotify:artist:06W84OT2eFUNVwG85UsxJw"
1272373,"alternative pop rock, pov: indie","https://api.spotify.com/v1/artists/6USv9qhCn6zfxlBQIYJ9qs","6USv9qhCn6zfxlBQIYJ9qs","Dominic Fike",76,"artist","spotify:artist:6USv9qhCn6zfxlBQIYJ9qs"
493973,"chamber pop, indie rock, modern folk rock, modern rock, philly indie, pov: indie, stomp and holler","https://api.spotify.com/v1/artists/4mLJ3XfOM5FPjSAWdQ2Jk7","4mLJ3XfOM5FPjSAWdQ2Jk7","Dr. Dog",61,"artist","spotify:artist:4mLJ3XfOM5FPjSAWdQ2Jk7"
25303330,"conscious hip hop, hip hop, rap, west coast rap","https://api.spotify.com/v1/artists/2YZyLoL8N0Wb9xBt1NhZWg","2YZyLoL8N0Wb9xBt1NhZWg","Kendrick Lamar",87,"artist","spotify:artist:2YZyLoL8N0Wb9xBt1NhZWg"
1999389,"kentucky indie, kentucky roots, outlaw country","https://api.spotify.com/v1/artists/13ZEDW6vyBF12HYcZRr4EV","13ZEDW6vyBF12HYcZRr4EV","Tyler Childers",77,"artist","spotify:artist:13ZEDW6vyBF12HYcZRr4EV"
462658,"anime score, japanese soundtrack","https://api.spotify.com/v1/artists/0Riv2KnFcLZA3JSVryRg4y","0Riv2KnFcLZA3JSVryRg4y","Hiroyuki Sawano",62,"artist","spotify:artist:0Riv2KnFcLZA3JSVryRg4y"
26670,"","https://api.spotify.com/v1/artists/6sItBAb1Jl3KiNo6o3G0mG","6sItBAb1Jl3KiNo6o3G0mG","Stolen Gin",41,"artist","spotify:artist:6sItBAb1Jl3KiNo6o3G0mG"
11752410,"lgbtq+ hip hop, neo soul","https://api.spotify.com/v1/artists/2h93pZq0e7k5yf4dywlkpM","2h93pZq0e7k5yf4dywlkpM","Frank Ocean",82,"artist","spotify:artist:2h93pZq0e7k5yf4dywlkpM"
24402431,"alternative metal, nu metal, post-grunge, rap metal, rock","https://api.spotify.com/v1/artists/6XyY86QOPPrYVGvF9ch6wz","6XyY86QOPPrYVGvF9ch6wz","Linkin Park",83,"artist","spotify:artist:6XyY86QOPPrYVGvF9ch6wz"
672193,"alt z, pov: indie","https://api.spotify.com/v1/artists/7sOR7gk6XUlGnxj3p9F54k","7sOR7gk6XUlGnxj3p9F54k","half•alive",57,"artist","spotify:artist:7sOR7gk6XUlGnxj3p9F54k"
972871,"pittsburgh rap","https://api.spotify.com/v1/artists/5nvWOyAkfNgVLKESq4fOj2","5nvWOyAkfNgVLKESq4fOj2","Montell Fish",71,"artist","spotify:artist:5nvWOyAkfNgVLKESq4fOj2"
29230073,"pop","https://api.spotify.com/v1/artists/6jJ0s89eD6GaHleKKya26X","6jJ0s89eD6GaHleKKya26X","Katy Perry",82,"artist","spotify:artist:6jJ0s89eD6GaHleKKya26X"
13800,"","https://api.spotify.com/v1/artists/4K2IUtmY2APWh6mdxzBOZF","4K2IUtmY2APWh6mdxzBOZF","Moxie",34,"artist","spotify:artist:4K2IUtmY2APWh6mdxzBOZF"
281893,"bedroom pop, pov: indie","https://api.spotify.com/v1/artists/25pd339V2rRJo84USlcSRP","25pd339V2rRJo84USlcSRP","JAWNY",59,"artist","spotify:artist:25pd339V2rRJo84USlcSRP"
11276743,"alternative metal, alternative rock, modern rock, permanent wave, post-grunge, rock","https://api.spotify.com/v1/artists/7jy3rLJdDQY21OgRLCZ9sD","7jy3rLJdDQY21OgRLCZ9sD","Foo Fighters",77,"artist","spotify:artist:7jy3rLJdDQY21OgRLCZ9sD"
645823,"modern alternative rock","https://api.spotify.com/v1/artists/3utxjLheHaVEd9bPjQRsy8","3utxjLheHaVEd9bPjQRsy8","Coheed and Cambria",57,"artist","spotify:artist:3utxjLheHaVEd9bPjQRsy8"
4137,"","https://api.spotify.com/v1/artists/6NOkAPWWK2Ay28xwJn7ick","6NOkAPWWK2Ay28xwJn7ick","Cook & Stans",33,"artist","spotify:artist:6NOkAPWWK2Ay28xwJn7ick"
505834,"indie folk, stomp and holler","https://api.spotify.com/v1/artists/0wyMPXGfOuQzNR54ujR9Ix","0wyMPXGfOuQzNR54ujR9Ix","Caamp",67,"artist","spotify:artist:0wyMPXGfOuQzNR54ujR9Ix"
5922851,"irish singer-songwriter, modern rock, pop, pov: indie","https://api.spotify.com/v1/artists/2FXC3k01G6Gw61bmprjgqS","2FXC3k01G6Gw61bmprjgqS","Hozier",81,"artist","spotify:artist:2FXC3k01G6Gw61bmprjgqS"
330566,"modern alternative rock, modern blues rock, modern hard rock","https://api.spotify.com/v1/artists/6IOvhXyk5edbA2DVaeP9Up","6IOvhXyk5edbA2DVaeP9Up","Dorothy",53,"artist","spotify:artist:6IOvhXyk5edbA2DVaeP9Up"
19941,"uk alternative pop","https://api.spotify.com/v1/artists/53GC8IrnkJXGO7znOiv4tD","53GC8IrnkJXGO7znOiv4tD","Millie Turner",32,"artist","spotify:artist:53GC8IrnkJXGO7znOiv4tD"
45245906,"k-pop, k-pop girl group, pop","https://api.spotify.com/v1/artists/41MozSoPIsD1dJM0CLPjZF","41MozSoPIsD1dJM0CLPjZF","BLACKPINK",83,"artist","spotify:artist:41MozSoPIsD1dJM0CLPjZF"
29252164,"pop","https://api.spotify.com/v1/artists/6KImCVD70vtIoJWnq6nGn3","6KImCVD70vtIoJWnq6nGn3","Harry Styles",85,"artist","spotify:artist:6KImCVD70vtIoJWnq6nGn3"
6546746,"baroque pop, modern rock, uk alternative pop","https://api.spotify.com/v1/artists/1moxjboGR7GNWYIMWsRjgG","1moxjboGR7GNWYIMWsRjgG","Florence + The Machine",75,"artist","spotify:artist:1moxjboGR7GNWYIMWsRjgG"
19070,"christian hardcore, progressive post-hardcore","https://api.spotify.com/v1/artists/7rzpJkLttUwGsrsZmOwZU5","7rzpJkLttUwGsrsZmOwZU5","The Ongoing Concept",24,"artist","spotify:artist:7rzpJkLttUwGsrsZmOwZU5"
47505,"lo-fi beats","https://api.spotify.com/v1/artists/2CiO7xWdwPMDlVwlt9qa1f","2CiO7xWdwPMDlVwlt9qa1f","WYS",53,"artist","spotify:artist:2CiO7xWdwPMDlVwlt9qa1f"
188122,"auckland indie, indie soul","https://api.spotify.com/v1/artists/7b04D0yLktCUpvxQBhmG7R","7b04D0yLktCUpvxQBhmG7R","LEISURE",61,"artist","spotify:artist:7b04D0yLktCUpvxQBhmG7R"
127237,"indie soul","https://api.spotify.com/v1/artists/7LvvNoUPwTZpgXDWBRrfHg","7LvvNoUPwTZpgXDWBRrfHg","DRAMA",59,"artist","spotify:artist:7LvvNoUPwTZpgXDWBRrfHg"
163605,"dutch pop, indie soul","https://api.spotify.com/v1/artists/4gHcu2JoaXJ0mV4aNPCd7N","4gHcu2JoaXJ0mV4aNPCd7N","Benny Sings",61,"artist","spotify:artist:4gHcu2JoaXJ0mV4aNPCd7N"
250256,"indietronica, modern alternative rock, modern rock, rochester ny indie, shimmer pop","https://api.spotify.com/v1/artists/1UfzhwcOR4yfX7yHTPfC9m","1UfzhwcOR4yfX7yHTPfC9m","Joywave",53,"artist","spotify:artist:1UfzhwcOR4yfX7yHTPfC9m"
3711,"","https://api.spotify.com/v1/artists/04fJjgNu00TqqNolrDV0Z0","04fJjgNu00TqqNolrDV0Z0","Bridget Kearney",20,"artist","spotify:artist:04fJjgNu00TqqNolrDV0Z0"
84439,"alternative dance, balearic, canadian electropop, chillwave, hamilton on indie, indietronica, neo-synthpop, new rave","https://api.spotify.com/v1/artists/39x9e2QDpAxK8xTuJDwRqR","39x9e2QDpAxK8xTuJDwRqR","Junior Boys",33,"artist","spotify:artist:39x9e2QDpAxK8xTuJDwRqR"
99373,"canadian electronic, electro house, pop dance, pop edm","https://api.spotify.com/v1/artists/6roDXEmZ6AARdOUv6x5U2v","6roDXEmZ6AARdOUv6x5U2v","Felix Cartal",52,"artist","spotify:artist:6roDXEmZ6AARdOUv6x5U2v"
8047136,"candy pop, pixie, pop, pop emo, pop punk, rock","https://api.spotify.com/v1/artists/74XFHRwlV6OrjEM0A2NCMF","74XFHRwlV6OrjEM0A2NCMF","Paramore",77,"artist","spotify:artist:74XFHRwlV6OrjEM0A2NCMF"
38204,"saskatchewan indie","https://api.spotify.com/v1/artists/2dPIBvg7mU59dCTGjhPylV","2dPIBvg7mU59dCTGjhPylV","Foxwarren",38,"artist","spotify:artist:2dPIBvg7mU59dCTGjhPylV"
705485,"aussietronica, indie soul","https://api.spotify.com/v1/artists/3oKRxpszQKUjjaHz388fVA","3oKRxpszQKUjjaHz388fVA","Parcels",62,"artist","spotify:artist:3oKRxpszQKUjjaHz388fVA"
1283266,"alternative r&b, escape room, indie soul, lgbtq+ hip hop","https://api.spotify.com/v1/artists/6qgnBH6iDM91ipVXv28OMu","6qgnBH6iDM91ipVXv28OMu","KAYTRANADA",70,"artist","spotify:artist:6qgnBH6iDM91ipVXv28OMu"
1318860,"hip hop, pop rap, rap, underground hip hop","https://api.spotify.com/v1/artists/6U3ybJ9UHNKEdsH7ktGBZ7","6U3ybJ9UHNKEdsH7ktGBZ7","JID",75,"artist","spotify:artist:6U3ybJ9UHNKEdsH7ktGBZ7"
1612951,"australian reggae fusion","https://api.spotify.com/v1/artists/6zVFRTB0Y1whWyH7ZNmywf","6zVFRTB0Y1whWyH7ZNmywf","Tash Sultana",61,"artist","spotify:artist:6zVFRTB0Y1whWyH7ZNmywf"
448318,"pop rap, underground hip hop","https://api.spotify.com/v1/artists/6aiFCgyKNwF9Rv5TOxnE8E","6aiFCgyKNwF9Rv5TOxnE8E","IDK",55,"artist","spotify:artist:6aiFCgyKNwF9Rv5TOxnE8E"
21219494,"chicago rap, hip hop, rap","https://api.spotify.com/v1/artists/5K4W6rqBFWDnAN6FQUkS6x","5K4W6rqBFWDnAN6FQUkS6x","Kanye West",89,"artist","spotify:artist:5K4W6rqBFWDnAN6FQUkS6x"
75872,"","https://api.spotify.com/v1/artists/6Nwhmo3adbTqPMCsgBgkf4","6Nwhmo3adbTqPMCsgBgkf4","Slothrust",39,"artist","spotify:artist:6Nwhmo3adbTqPMCsgBgkf4"
517743,"pov: indie, slc indie","https://api.spotify.com/v1/artists/6p2HnfM955TI1bX34dkLnI","6p2HnfM955TI1bX34dkLnI","The Backseat Lovers",65,"artist","spotify:artist:6p2HnfM955TI1bX34dkLnI"
554197,"indie pop, indie soul, uk contemporary r&b","https://api.spotify.com/v1/artists/4kIwETcbpuFgRukE8o7Opx","4kIwETcbpuFgRukE8o7Opx","Arlo Parks",59,"artist","spotify:artist:4kIwETcbpuFgRukE8o7Opx"
441723,"avant-garde jazz, bebop, contemporary post-bop, cool jazz, electric bass, free jazz, hard bop, jazz, jazz double bass","https://api.spotify.com/v1/artists/1W8TbFzNS15VwsempfY12H","1W8TbFzNS15VwsempfY12H","Charles Mingus",45,"artist","spotify:artist:1W8TbFzNS15VwsempfY12H"
216008,"underground hip hop","https://api.spotify.com/v1/artists/7izarc0fRIPbdZ8cVyChRf","7izarc0fRIPbdZ8cVyChRf","Spillage Village",49,"artist","spotify:artist:7izarc0fRIPbdZ8cVyChRf"
789509,"atl hip hop, hip hop, indie hip hop, psychedelic hip hop, rap, underground hip hop","https://api.spotify.com/v1/artists/5MbNzCW3qokGyoo9giHA3V","5MbNzCW3qokGyoo9giHA3V","EARTHGANG",62,"artist","spotify:artist:5MbNzCW3qokGyoo9giHA3V"
12195288,"glam rock, mellow gold, piano rock, rock","https://api.spotify.com/v1/artists/3PhoLpVuITZKcymswpck5b","3PhoLpVuITZKcymswpck5b","Elton John",81,"artist","spotify:artist:3PhoLpVuITZKcymswpck5b"
6551373,"modern folk rock, modern rock, neo mellow, stomp and holler, uk americana","https://api.spotify.com/v1/artists/3gd8FJtBJtkRxdfbTu19U2","3gd8FJtBJtkRxdfbTu19U2","Mumford & Sons",70,"artist","spotify:artist:3gd8FJtBJtkRxdfbTu19U2"
3093900,"dance pop, pop","https://api.spotify.com/v1/artists/72OaDtakiy6yFqkt4TsiFt","72OaDtakiy6yFqkt4TsiFt","Cher",66,"artist","spotify:artist:72OaDtakiy6yFqkt4TsiFt"
855626,"canadian folk, canadian indie","https://api.spotify.com/v1/artists/74gcBzlQza1bSfob90yRhR","74gcBzlQza1bSfob90yRhR","City and Colour",56,"artist","spotify:artist:74gcBzlQza1bSfob90yRhR"
645840,"furry, indie pop, indie rock, pov: indie","https://api.spotify.com/v1/artists/5PbpKlxQE0Ktl5lcNABoFf","5PbpKlxQE0Ktl5lcNABoFf","Car Seat Headrest",59,"artist","spotify:artist:5PbpKlxQE0Ktl5lcNABoFf"
122447,"modern southern rock, new americana","https://api.spotify.com/v1/artists/26C2AjqgMr5aDzj6Yp2ORz","26C2AjqgMr5aDzj6Yp2ORz","Brent Cobb",56,"artist","spotify:artist:26C2AjqgMr5aDzj6Yp2ORz"
300781,"instrumental math rock, instrumental rock, progressive jazz fusion, san diego indie","https://api.spotify.com/v1/artists/2JFljHPanIjYy2QqfNYvC0","2JFljHPanIjYy2QqfNYvC0","Chon",46,"artist","spotify:artist:2JFljHPanIjYy2QqfNYvC0"
811226,"art pop, indie rock, indie soul, indietronica, kiwi rock, neo-psychedelic, portland hip hop, psychedelic pop","https://api.spotify.com/v1/artists/1LeVJ5GPeYDOVUjxx1y7Rp","1LeVJ5GPeYDOVUjxx1y7Rp","Unknown Mortal Orchestra",59,"artist","spotify:artist:1LeVJ5GPeYDOVUjxx1y7Rp"
135144,"deep new americana, indie pop, pov: indie","https://api.spotify.com/v1/artists/0xPoVNPnxIIUS1vrxAYV00","0xPoVNPnxIIUS1vrxAYV00","Del Water Gap",59,"artist","spotify:artist:0xPoVNPnxIIUS1vrxAYV00"
3487565,"german soundtrack, orchestral soundtrack, soundtrack","https://api.spotify.com/v1/artists/0YC192cP3KPCRWx8zr8MfZ","0YC192cP3KPCRWx8zr8MfZ","Hans Zimmer",74,"artist","spotify:artist:0YC192cP3KPCRWx8zr8MfZ"
277016,"australian surf rock","https://api.spotify.com/v1/artists/6yrtCy4XJHXM6tczo4RlTs","6yrtCy4XJHXM6tczo4RlTs","Lime Cordiale",58,"artist","spotify:artist:6yrtCy4XJHXM6tczo4RlTs"
273918,"black americana, funk, retro soul, soul","https://api.spotify.com/v1/artists/6LufpoVlIYKQCu9Gjpk8B7","6LufpoVlIYKQCu9Gjpk8B7","Sharon Jones & The Dap-Kings",57,"artist","spotify:artist:6LufpoVlIYKQCu9Gjpk8B7"
1884196,"pop rap, portland hip hop, rap, underground hip hop","https://api.spotify.com/v1/artists/3Gm5F95VdRxW3mqCn8RPBJ","3Gm5F95VdRxW3mqCn8RPBJ","Aminé",68,"artist","spotify:artist:3Gm5F95VdRxW3mqCn8RPBJ"
28675721,"r&b, soul","https://api.spotify.com/v1/artists/3fMbdgg4jU18AjLCKBhRSm","3fMbdgg4jU18AjLCKBhRSm","Michael Jackson",80,"artist","spotify:artist:3fMbdgg4jU18AjLCKBhRSm"
19584071,"album rock, art rock, classic rock, progressive rock, psychedelic rock, rock, symphonic rock","https://api.spotify.com/v1/artists/0k17h0D3J5VfsdmQ1iZtE9","0k17h0D3J5VfsdmQ1iZtE9","Pink Floyd",77,"artist","spotify:artist:0k17h0D3J5VfsdmQ1iZtE9"
1815672,"art pop, baroque pop, chamber pop, indie pop, indie rock, singer-songwriter","https://api.spotify.com/v1/artists/4MXUO7sVCaFgFjoTI5ox5c","4MXUO7sVCaFgFjoTI5ox5c","Sufjan Stevens",69,"artist","spotify:artist:4MXUO7sVCaFgFjoTI5ox5c"
300711,"indie r&b","https://api.spotify.com/v1/artists/12trz2INGglrKMzLmg0y2C","12trz2INGglrKMzLmg0y2C","Emotional Oranges",58,"artist","spotify:artist:12trz2INGglrKMzLmg0y2C"
3148469,"alt z, pop, talent show","https://api.spotify.com/v1/artists/1o2NpYGqHiCq7FoiYdyd1x","1o2NpYGqHiCq7FoiYdyd1x","Bea Miller",64,"artist","spotify:artist:1o2NpYGqHiCq7FoiYdyd1x"
1052038,"canadian americana, canadian contemporary country, outlaw country, saskatchewan indie","https://api.spotify.com/v1/artists/3xYXYzm9H3RzyQgBrYwIcx","3xYXYzm9H3RzyQgBrYwIcx","Colter Wall",68,"artist","spotify:artist:3xYXYzm9H3RzyQgBrYwIcx"
124875,"classic japanese jazz","https://api.spotify.com/v1/artists/4V7Ate3UISn8cy06xnAprh","4V7Ate3UISn8cy06xnAprh","Ryo Fukui",44,"artist","spotify:artist:4V7Ate3UISn8cy06xnAprh"
632544,"compositional ambient, downtempo, nu jazz","https://api.spotify.com/v1/artists/32ogthv0BdaSMPml02X9YB","32ogthv0BdaSMPml02X9YB","The Cinematic Orchestra",61,"artist","spotify:artist:32ogthv0BdaSMPml02X9YB"
49568,"drift phonk","https://api.spotify.com/v1/artists/5AEk8UqmJ2lCUG3xke82Or","5AEk8UqmJ2lCUG3xke82Or","my!lane",52,"artist","spotify:artist:5AEk8UqmJ2lCUG3xke82Or"
1607241,"alabama indie, modern blues rock, rock","https://api.spotify.com/v1/artists/16GcWuvvybAoaHr0NqT8Eh","16GcWuvvybAoaHr0NqT8Eh","Alabama Shakes",58,"artist","spotify:artist:16GcWuvvybAoaHr0NqT8Eh"
9479321,"hip hop, pittsburgh rap, pop rap, rap","https://api.spotify.com/v1/artists/4LLpKhyESsyAXpc4laK94U","4LLpKhyESsyAXpc4laK94U","Mac Miller",81,"artist","spotify:artist:4LLpKhyESsyAXpc4laK94U"
816016,"alt z, pop","https://api.spotify.com/v1/artists/5qa31A9HySw3T7MKWI9bGg","5qa31A9HySw3T7MKWI9bGg","FLETCHER",63,"artist","spotify:artist:5qa31A9HySw3T7MKWI9bGg"
248400,"english indie rock","https://api.spotify.com/v1/artists/48vDIufGC8ujPuBiTxY8dm","48vDIufGC8ujPuBiTxY8dm","Palace",56,"artist","spotify:artist:48vDIufGC8ujPuBiTxY8dm"
615916,"underground hip hop","https://api.spotify.com/v1/artists/2AfU5LYBVCiCtuCCfM7uVX","2AfU5LYBVCiCtuCCfM7uVX","Kota the Friend",58,"artist","spotify:artist:2AfU5LYBVCiCtuCCfM7uVX"
350922,"indietronica, la indie","https://api.spotify.com/v1/artists/7sgWBYtJpblXpJl2lU5WVs","7sgWBYtJpblXpJl2lU5WVs","Electric Guest",53,"artist","spotify:artist:7sgWBYtJpblXpJl2lU5WVs"
2390309,"escape room, hip hop, indie soul, neo soul","https://api.spotify.com/v1/artists/3jK9MiCrA42lLAdMGUZpwa","3jK9MiCrA42lLAdMGUZpwa","Anderson .Paak",76,"artist","spotify:artist:3jK9MiCrA42lLAdMGUZpwa"
37843,"contemporary jazz, contemporary post-bop, jazz quartet, jazz saxophone","https://api.spotify.com/v1/artists/0GC1oqEWpiAjfE7jm5LQO5","0GC1oqEWpiAjfE7jm5LQO5","Charles Lloyd",36,"artist","spotify:artist:0GC1oqEWpiAjfE7jm5LQO5"
14737,"boston indie","https://api.spotify.com/v1/artists/4XJBPKlKZKYlkgjxOPgo69","4XJBPKlKZKYlkgjxOPgo69","Wild Painting",33,"artist","spotify:artist:4XJBPKlKZKYlkgjxOPgo69"
1527617,"indietronica, modern alternative rock, modern rock, pov: indie, stomp and holler","https://api.spotify.com/v1/artists/4j56EQDQu5XnL7R3E9iFJT","4j56EQDQu5XnL7R3E9iFJT","Young the Giant",66,"artist","spotify:artist:4j56EQDQu5XnL7R3E9iFJT"
50163476,"modern rock, pop, rock","https://api.spotify.com/v1/artists/53XhwfbYqKCa1cC15pYq2q","53XhwfbYqKCa1cC15pYq2q","Imagine Dragons",86,"artist","spotify:artist:53XhwfbYqKCa1cC15pYq2q"
2066846,"classic oklahoma country, modern country pop","https://api.spotify.com/v1/artists/40ZNYROS4zLfyyBSs2PGe2","40ZNYROS4zLfyyBSs2PGe2","Zach Bryan",88,"artist","spotify:artist:40ZNYROS4zLfyyBSs2PGe2"
97885,"canadian electronic, complextro, future bass","https://api.spotify.com/v1/artists/7aUSp5cOZlwEtd5zPC795k","7aUSp5cOZlwEtd5zPC795k","Haywyre",40,"artist","spotify:artist:7aUSp5cOZlwEtd5zPC795k"
587545,"french hip hop, pop urbaine, rap francais","https://api.spotify.com/v1/artists/6sYR8JTRUUUzSD9IydLhfG","6sYR8JTRUUUzSD9IydLhfG","Guizmo",48,"artist","spotify:artist:6sYR8JTRUUUzSD9IydLhfG"
2141575,"classic soul, memphis soul, soul, soul blues, southern soul, vocal jazz","https://api.spotify.com/v1/artists/60df5JBRRPcnSpsIMxxwQm","60df5JBRRPcnSpsIMxxwQm","Otis Redding",68,"artist","spotify:artist:60df5JBRRPcnSpsIMxxwQm"
1533365,"jazz blues, soul, soul blues, torch song, vocal jazz","https://api.spotify.com/v1/artists/0iOVhN3tnSvgDbcg25JoJb","0iOVhN3tnSvgDbcg25JoJb","Etta James",65,"artist","spotify:artist:0iOVhN3tnSvgDbcg25JoJb"
429802,"indie rock, indietronica","https://api.spotify.com/v1/artists/2Tz1DTzVJ5Gyh8ZwVr6ekU","2Tz1DTzVJ5Gyh8ZwVr6ekU","STRFKR",56,"artist","spotify:artist:2Tz1DTzVJ5Gyh8ZwVr6ekU"
21314300,"conscious hip hop, hip hop, north carolina hip hop, rap","https://api.spotify.com/v1/artists/6l3HvQ5sa6mXTsMTB19rO5","6l3HvQ5sa6mXTsMTB19rO5","J. Cole",84,"artist","spotify:artist:6l3HvQ5sa6mXTsMTB19rO5"
85608131,"pop","https://api.spotify.com/v1/artists/06HL4z0CvFAxyc27GXpf02","06HL4z0CvFAxyc27GXpf02","Taylor Swift",100,"artist","spotify:artist:06HL4z0CvFAxyc27GXpf02"
1030151,"australian psych, double drumming, microtonal, neo-psychedelic","https://api.spotify.com/v1/artists/6XYvaoDGE0VmRt83Jss9Sn","6XYvaoDGE0VmRt83Jss9Sn","King Gizzard & The Lizard Wizard",62,"artist","spotify:artist:6XYvaoDGE0VmRt83Jss9Sn"
2413129,"australian dance, australian electropop, australian indie, downtempo, edm, indietronica","https://api.spotify.com/v1/artists/6nxWCVXbOlEVRexSbLsTer","6nxWCVXbOlEVRexSbLsTer","Flume",69,"artist","spotify:artist:6nxWCVXbOlEVRexSbLsTer"
609722,"art pop, brooklyn indie, chamber pop, countrygaze, indie pop, indie rock, singer-songwriter, small room","https://api.spotify.com/v1/artists/5QdyldG4Fl4TPiOIeMNpBZ","5QdyldG4Fl4TPiOIeMNpBZ","Big Thief",62,"artist","spotify:artist:5QdyldG4Fl4TPiOIeMNpBZ"
12566543,"hip hop, rap","https://api.spotify.com/v1/artists/4V8LLVI7PbaPR0K2TGSxFF","4V8LLVI7PbaPR0K2TGSxFF","Tyler, The Creator",83,"artist","spotify:artist:4V8LLVI7PbaPR0K2TGSxFF"
3310,"","https://api.spotify.com/v1/artists/1NRGOREIr58531Io8uD1uU","1NRGOREIr58531Io8uD1uU","Sliim Bambino",27,"artist","spotify:artist:1NRGOREIr58531Io8uD1uU"
382206,"belgian indie","https://api.spotify.com/v1/artists/3IWdvItNhmdo282Wwp0CwH","3IWdvItNhmdo282Wwp0CwH","Tamino",54,"artist","spotify:artist:3IWdvItNhmdo282Wwp0CwH"
26609385,"big room, dance pop, edm, pop, pop dance","https://api.spotify.com/v1/artists/1Cs0zKBU1kc0i8ypK3B9ai","1Cs0zKBU1kc0i8ypK3B9ai","David Guetta",86,"artist","spotify:artist:1Cs0zKBU1kc0i8ypK3B9ai"
988546,"indie soul, indietronica, uk contemporary r&b","https://api.spotify.com/v1/artists/59oA5WbbQvomJz2BuRG071","59oA5WbbQvomJz2BuRG071","Jungle",71,"artist","spotify:artist:59oA5WbbQvomJz2BuRG071"
82223,"","https://api.spotify.com/v1/artists/7meq0SFt3BxWzjbt5EVBbT","7meq0SFt3BxWzjbt5EVBbT","Epic Mountain",39,"artist","spotify:artist:7meq0SFt3BxWzjbt5EVBbT"
323330,"boston indie, indie garage rock, pov: indie","https://api.spotify.com/v1/artists/1W4itxt3vwhmrgLEBuVHJ6","1W4itxt3vwhmrgLEBuVHJ6","Vundabar",63,"artist","spotify:artist:1W4itxt3vwhmrgLEBuVHJ6"
234278,"sad lo-fi","https://api.spotify.com/v1/artists/59KX7XUUgAOOo5IyDjca0T","59KX7XUUgAOOo5IyDjca0T","Verzache",55,"artist","spotify:artist:59KX7XUUgAOOo5IyDjca0T"
329471,"indie soul, uk dance, vapor soul","https://api.spotify.com/v1/artists/0GG2cWaonE4JPrjcCCQ1EG","0GG2cWaonE4JPrjcCCQ1EG","SG Lewis",61,"artist","spotify:artist:0GG2cWaonE4JPrjcCCQ1EG"
785175,"alternative hip hop, east coast hip hop, hip hop, nyc rap, queens hip hop","https://api.spotify.com/v1/artists/7BMccF0hQFBpP6417k1OtQ","7BMccF0hQFBpP6417k1OtQ","Action Bronson",61,"artist","spotify:artist:7BMccF0hQFBpP6417k1OtQ"
402420,"bebop, contemporary post-bop, jazz, jazz trumpet, vocal jazz","https://api.spotify.com/v1/artists/5RzjqfPS0Bu4bUMkyNNDpn","5RzjqfPS0Bu4bUMkyNNDpn","Dizzy Gillespie",48,"artist","spotify:artist:5RzjqfPS0Bu4bUMkyNNDpn"
853904,"alternative r&b, escape room, trap queen","https://api.spotify.com/v1/artists/6eXZu6O7nAUA5z6vLV8NKI","6eXZu6O7nAUA5z6vLV8NKI","Little Simz",61,"artist","spotify:artist:6eXZu6O7nAUA5z6vLV8NKI"
1163294,"indie soul, jazz pop","https://api.spotify.com/v1/artists/1uiEZYehlNivdK3iQyAbye","1uiEZYehlNivdK3iQyAbye","Tom Misch",66,"artist","spotify:artist:1uiEZYehlNivdK3iQyAbye"
12946,"indie hip hop","https://api.spotify.com/v1/artists/7C3agcqFXnteDagiWhaZdU","7C3agcqFXnteDagiWhaZdU","Terrell Morris",34,"artist","spotify:artist:7C3agcqFXnteDagiWhaZdU"
646306,"modern alternative rock","https://api.spotify.com/v1/artists/5bmqhxWk9SEFDGIzWpSjVJ","5bmqhxWk9SEFDGIzWpSjVJ","THE DRIVER ERA",54,"artist","spotify:artist:5bmqhxWk9SEFDGIzWpSjVJ"
53457,"canadian electronic, pop edm","https://api.spotify.com/v1/artists/1BAdSa5cdtCNLbvT7gWmtJ","1BAdSa5cdtCNLbvT7gWmtJ","Conro",48,"artist","spotify:artist:1BAdSa5cdtCNLbvT7gWmtJ"
302318,"leicester indie, modern indie pop","https://api.spotify.com/v1/artists/7uwY65fDg3FVJ8MkJ5QuZK","7uwY65fDg3FVJ8MkJ5QuZK","easy life",55,"artist","spotify:artist:7uwY65fDg3FVJ8MkJ5QuZK"
6876387,"australian psych, modern rock, neo-psychedelic, rock","https://api.spotify.com/v1/artists/5INjqkS1o8h1imAzPqGZBb","5INjqkS1o8h1imAzPqGZBb","Tame Impala",78,"artist","spotify:artist:5INjqkS1o8h1imAzPqGZBb"
398102,"pov: indie, stomp and holler","https://api.spotify.com/v1/artists/69tiO1fG8VWduDl3ji2qhI","69tiO1fG8VWduDl3ji2qhI","Mt. Joy",68,"artist","spotify:artist:69tiO1fG8VWduDl3ji2qhI"
687732,"electronica, indietronica","https://api.spotify.com/v1/artists/2exkZbmNqMKnT8LRWuxWgy","2exkZbmNqMKnT8LRWuxWgy","Moderat",55,"artist","spotify:artist:2exkZbmNqMKnT8LRWuxWgy"
122076,"la indie","https://api.spotify.com/v1/artists/1anAI9P9iSzc9qzLv6AtHZ","1anAI9P9iSzc9qzLv6AtHZ","Sure Sure",53,"artist","spotify:artist:1anAI9P9iSzc9qzLv6AtHZ"
1001789,"pov: indie","https://api.spotify.com/v1/artists/4hz8tIajF2INpgM0qzPJz2","4hz8tIajF2INpgM0qzPJz2","Rainbow Kitten Surprise",67,"artist","spotify:artist:4hz8tIajF2INpgM0qzPJz2"
1524314,"indie soul, neo-psychedelic","https://api.spotify.com/v1/artists/2mVVjNmdjXZZDvhgQWiakk","2mVVjNmdjXZZDvhgQWiakk","Khruangbin",69,"artist","spotify:artist:2mVVjNmdjXZZDvhgQWiakk"
2988900,"deep underground hip hop, kentucky hip hop, pop rap, rap","https://api.spotify.com/v1/artists/2LIk90788K0zvyj2JJVwkJ","2LIk90788K0zvyj2JJVwkJ","Jack Harlow",77,"artist","spotify:artist:2LIk90788K0zvyj2JJVwkJ"
3878539,"gauze pop, indietronica, modern rock, pov: indie, shiver pop","https://api.spotify.com/v1/artists/4yvcSjfu4PC0CYQyLy4wSq","4yvcSjfu4PC0CYQyLy4wSq","Glass Animals",74,"artist","spotify:artist:4yvcSjfu4PC0CYQyLy4wSq"
3591507,"afrofuturism","https://api.spotify.com/v1/artists/57vWImR43h4CaDao012Ofp","57vWImR43h4CaDao012Ofp","Steve Lacy",79,"artist","spotify:artist:57vWImR43h4CaDao012Ofp"
51216253,"british soul, pop, pop soul, uk pop","https://api.spotify.com/v1/artists/4dpARuHxo51G3z768sgnrY","4dpARuHxo51G3z768sgnrY","Adele",83,"artist","spotify:artist:4dpARuHxo51G3z768sgnrY"
225991,"broadway, show tunes, vocal jazz","https://api.spotify.com/v1/artists/3cR4rhS2hBWqI7rJEBacvN","3cR4rhS2hBWqI7rJEBacvN","Leslie Odom Jr.",67,"artist","spotify:artist:3cR4rhS2hBWqI7rJEBacvN"
1561530,"bebop, free jazz, jazz, jazz saxophone, vocal jazz","https://api.spotify.com/v1/artists/2hGh5VOeeqimQFxqXvfCUf","2hGh5VOeeqimQFxqXvfCUf","John Coltrane",62,"artist","spotify:artist:2hGh5VOeeqimQFxqXvfCUf"
87623,"japanese jazztronica, japanese r&b","https://api.spotify.com/v1/artists/4VIGlACQnSacU0b1HTLA7y","4VIGlACQnSacU0b1HTLA7y","Asako Toki",40,"artist","spotify:artist:4VIGlACQnSacU0b1HTLA7y"
114899373,"pop, singer-songwriter pop, uk pop","https://api.spotify.com/v1/artists/6eUKZXaKkcviH0Ku9w2n3V","6eUKZXaKkcviH0Ku9w2n3V","Ed Sheeran",87,"artist","spotify:artist:6eUKZXaKkcviH0Ku9w2n3V"
151280,"indian electronic, indian indie, new delhi indie","https://api.spotify.com/v1/artists/41Nu7NgAj9rJxjj7JDuXrV","41Nu7NgAj9rJxjj7JDuXrV","Peter Cat Recording Co.",44,"artist","spotify:artist:41Nu7NgAj9rJxjj7JDuXrV"
79485,"brighton indie, british math rock, math rock","https://api.spotify.com/v1/artists/05MlomiA9La0OiNIAGqECk","05MlomiA9La0OiNIAGqECk","Delta Sleep",42,"artist","spotify:artist:05MlomiA9La0OiNIAGqECk"
6357486,"acid rock, album rock, classic rock, hard rock, proto-metal, psychedelic rock, rock","https://api.spotify.com/v1/artists/776Uo845nYHJpNaStv1Ds4","776Uo845nYHJpNaStv1Ds4","Jimi Hendrix",68,"artist","spotify:artist:776Uo845nYHJpNaStv1Ds4"
131089,"indie electropop, vapor soul","https://api.spotify.com/v1/artists/28yVvEvA2lT3K5RNIhV1Dj","28yVvEvA2lT3K5RNIhV1Dj","BAYNK",55,"artist","spotify:artist:28yVvEvA2lT3K5RNIhV1Dj"
3096110,"afrobeats, nigerian pop","https://api.spotify.com/v1/artists/46pWGuE3dSwY3bMMXGBvVS","46pWGuE3dSwY3bMMXGBvVS","Rema",77,"artist","spotify:artist:46pWGuE3dSwY3bMMXGBvVS"
6097918,"contemporary country, outlaw country","https://api.spotify.com/v1/artists/4YLtscXsxbVgi031ovDDdh","4YLtscXsxbVgi031ovDDdh","Chris Stapleton",78,"artist","spotify:artist:4YLtscXsxbVgi031ovDDdh"
71186532,"canadian contemporary r&b, canadian pop, pop","https://api.spotify.com/v1/artists/1Xyo4u8uXC1ZmMpatF05PJ","1Xyo4u8uXC1ZmMpatF05PJ","The Weeknd",94,"artist","spotify:artist:1Xyo4u8uXC1ZmMpatF05PJ"
8888735,"viral pop","https://api.spotify.com/v1/artists/3MZsBdqDrRTJihTHQrO6Dq","3MZsBdqDrRTJihTHQrO6Dq","Joji",79,"artist","spotify:artist:3MZsBdqDrRTJihTHQrO6Dq"
2143608,"edm, house, indietronica, uk dance","https://api.spotify.com/v1/artists/6nS5roXSAGhTGr34W6n7Et","6nS5roXSAGhTGr34W6n7Et","Disclosure",71,"artist","spotify:artist:6nS5roXSAGhTGr34W6n7Et"
6251567,"classic rock, country rock, folk, folk rock, psychedelic rock, rock, roots rock, singer-songwriter","https://api.spotify.com/v1/artists/74ASZWbe4lXaubB36ztrGX","74ASZWbe4lXaubB36ztrGX","Bob Dylan",69,"artist","spotify:artist:74ASZWbe4lXaubB36ztrGX"
179650,"bebop, contemporary post-bop, jazz, jazz trio","https://api.spotify.com/v1/artists/0ldU0QJm31y0d6f57R1G2A","0ldU0QJm31y0d6f57R1G2A","Oscar Peterson Trio",56,"artist","spotify:artist:0ldU0QJm31y0d6f57R1G2A"
834555,"african-american classical, harlem renaissance, jazz, jazz piano, swing, vocal jazz","https://api.spotify.com/v1/artists/4F7Q5NV6h5TSwCainz8S5A","4F7Q5NV6h5TSwCainz8S5A","Duke Ellington",55,"artist","spotify:artist:4F7Q5NV6h5TSwCainz8S5A"
7529,"","https://api.spotify.com/v1/artists/0Vee3k2XwGQQkizW7qLeYD","0Vee3k2XwGQQkizW7qLeYD","JAWNZA",26,"artist","spotify:artist:0Vee3k2XwGQQkizW7qLeYD"
53274,"bedroom soul, lo-fi rap","https://api.spotify.com/v1/artists/6RCI4WXRwG9jnRHZgzBYFr","6RCI4WXRwG9jnRHZgzBYFr","Manwolves",38,"artist","spotify:artist:6RCI4WXRwG9jnRHZgzBYFr"
4100874,"bedroom pop, indie pop, pop, pov: indie","https://api.spotify.com/v1/artists/3l0CmX0FuQjFxr8SK7Vqag","3l0CmX0FuQjFxr8SK7Vqag","Clairo",74,"artist","spotify:artist:3l0CmX0FuQjFxr8SK7Vqag"
38534,"minneapolis indie","https://api.spotify.com/v1/artists/5wjWLK4KMqmRbdUtTEV1BG","5wjWLK4KMqmRbdUtTEV1BG","Har Mar Superstar",33,"artist","spotify:artist:5wjWLK4KMqmRbdUtTEV1BG"
1063118,"folk-pop, seattle indie, stomp and holler","https://api.spotify.com/v1/artists/0n94vC3S9c3mb2HyNAOcjg","0n94vC3S9c3mb2HyNAOcjg","The Head And The Heart",62,"artist","spotify:artist:0n94vC3S9c3mb2HyNAOcjg"
35333,"progressive breaks, psychill","https://api.spotify.com/v1/artists/5EEbMGQOwrTuy51Vin8bL1","5EEbMGQOwrTuy51Vin8bL1","Abakus",40,"artist","spotify:artist:5EEbMGQOwrTuy51Vin8bL1"
8047,"background jazz, swedish jazz","https://api.spotify.com/v1/artists/6OMYcSur3Y0DthpzbVkxAx","6OMYcSur3Y0DthpzbVkxAx","Joel Lyssarides",44,"artist","spotify:artist:6OMYcSur3Y0DthpzbVkxAx"
3958585,"neo mellow, pop, uk pop","https://api.spotify.com/v1/artists/4EzkuveR9pLvDVFNx6foYD","4EzkuveR9pLvDVFNx6foYD","James Bay",68,"artist","spotify:artist:4EzkuveR9pLvDVFNx6foYD"
1750,"","https://api.spotify.com/v1/artists/1Go6YkuAxjrWp4X83RnVwg","1Go6YkuAxjrWp4X83RnVwg","Flow State",20,"artist","spotify:artist:1Go6YkuAxjrWp4X83RnVwg"
470,"","https://api.spotify.com/v1/artists/4OA32fupbR1suJd44PZJxU","4OA32fupbR1suJd44PZJxU","Mindtrap",25,"artist","spotify:artist:4OA32fupbR1suJd44PZJxU"
230937,"alternative r&b, cali rap","https://api.spotify.com/v1/artists/6PDLwWvgYNMfBRLqC1h5cJ","6PDLwWvgYNMfBRLqC1h5cJ","Buddy",55,"artist","spotify:artist:6PDLwWvgYNMfBRLqC1h5cJ"
3135464,"classical, early romantic era, polish classical","https://api.spotify.com/v1/artists/7y97mc3bZRFXzT2szRM4L4","7y97mc3bZRFXzT2szRM4L4","Frédéric Chopin",70,"artist","spotify:artist:7y97mc3bZRFXzT2szRM4L4"
285828,"countrygaze, new jersey indie, small room","https://api.spotify.com/v1/artists/2gbT6GPXMis0OAkZbEQCYB","2gbT6GPXMis0OAkZbEQCYB","Pinegrove",63,"artist","spotify:artist:2gbT6GPXMis0OAkZbEQCYB"
96594,"vapor twitch","https://api.spotify.com/v1/artists/3zaxUd86U92CdZkNa6NUo9","3zaxUd86U92CdZkNa6NUo9","Ark Patrol",52,"artist","spotify:artist:3zaxUd86U92CdZkNa6NUo9"
201975,"vapor soul","https://api.spotify.com/v1/artists/5Lhxlge1CR1DrgDAje8Qaw","5Lhxlge1CR1DrgDAje8Qaw","NoMBe",56,"artist","spotify:artist:5Lhxlge1CR1DrgDAje8Qaw"
999865,"alt z, pov: indie","https://api.spotify.com/v1/artists/0Raaw7kr1Vzat4ZvHzjsJR","0Raaw7kr1Vzat4ZvHzjsJR","I DONT KNOW HOW BUT THEY FOUND ME",58,"artist","spotify:artist:0Raaw7kr1Vzat4ZvHzjsJR"
45939,"alt z, country pop","https://api.spotify.com/v1/artists/2YcTXkrGXpftY9AR0BKEz0","2YcTXkrGXpftY9AR0BKEz0","Bailey Bryan",36,"artist","spotify:artist:2YcTXkrGXpftY9AR0BKEz0"
1837633,"german pop, modern rock","https://api.spotify.com/v1/artists/1hzfo8twXdOegF3xireCYs","1hzfo8twXdOegF3xireCYs","Milky Chance",71,"artist","spotify:artist:1hzfo8twXdOegF3xireCYs"
2008350,"british singer-songwriter, folk-pop, stomp and holler","https://api.spotify.com/v1/artists/5schNIzWdI9gJ1QRK8SBnc","5schNIzWdI9gJ1QRK8SBnc","Ben Howard",63,"artist","spotify:artist:5schNIzWdI9gJ1QRK8SBnc"
5939233,"conscious hip hop, hip hop, pop rap, rap","https://api.spotify.com/v1/artists/4xRYI6VqpkE3UwrDrAZL8L","4xRYI6VqpkE3UwrDrAZL8L","Logic",73,"artist","spotify:artist:4xRYI6VqpkE3UwrDrAZL8L"
93597488,"pop","https://api.spotify.com/v1/artists/66CXWjxzNUsdJxJ2JdwvnR","66CXWjxzNUsdJxJ2JdwvnR","Ariana Grande",87,"artist","spotify:artist:66CXWjxzNUsdJxJ2JdwvnR"
11713,"jazz, jazz drums","https://api.spotify.com/v1/artists/02HpkiuAylAwAnQBswaXlP","02HpkiuAylAwAnQBswaXlP","Terri Lyne Carrington",29,"artist","spotify:artist:02HpkiuAylAwAnQBswaXlP"
1302333,"chamber pop, folk, indie folk, indie rock, indietronica, modern rock, seattle indie, singer-songwriter, stomp and holler","https://api.spotify.com/v1/artists/4EVpmkEwrLYEg6jIsiPMIb","4EVpmkEwrLYEg6jIsiPMIb","Fleet Foxes",62,"artist","spotify:artist:4EVpmkEwrLYEg6jIsiPMIb"
27251,"diy emo, indie punk","https://api.spotify.com/v1/artists/5489Aao4KjbdU9l5CUadOa","5489Aao4KjbdU9l5CUadOa","Just Friends",37,"artist","spotify:artist:5489Aao4KjbdU9l5CUadOa"
77793,"","https://api.spotify.com/v1/artists/3CiuXDKttPUT0tWGHicFUH","3CiuXDKttPUT0tWGHicFUH","Tim Atlas",53,"artist","spotify:artist:3CiuXDKttPUT0tWGHicFUH"
6552141,"adult standards, easy listening, lounge","https://api.spotify.com/v1/artists/1Mxqyy3pSjf8kZZL4QVxS0","1Mxqyy3pSjf8kZZL4QVxS0","Frank Sinatra",74,"artist","spotify:artist:1Mxqyy3pSjf8kZZL4QVxS0"
5421887,"album rock, classic rock, heartland rock, mellow gold, piano rock, rock, singer-songwriter, soft rock","https://api.spotify.com/v1/artists/6zFYqv1mOsgBRQbae3JJ9e","6zFYqv1mOsgBRQbae3JJ9e","Billy Joel",75,"artist","spotify:artist:6zFYqv1mOsgBRQbae3JJ9e"
318912,"souldies","https://api.spotify.com/v1/artists/6TVVIyd0fsRDGg6WzHKyTP","6TVVIyd0fsRDGg6WzHKyTP","Durand Jones & The Indications",57,"artist","spotify:artist:6TVVIyd0fsRDGg6WzHKyTP"
5998574,"pop","https://api.spotify.com/v1/artists/4npEfmQ6YuiwW1GpUmaq3F","4npEfmQ6YuiwW1GpUmaq3F","Ava Max",78,"artist","spotify:artist:4npEfmQ6YuiwW1GpUmaq3F"
67380,"abstract, ambient idm, electronica, intelligent dance music, microhouse, wonky","https://api.spotify.com/v1/artists/2fMe9lZs5HGGOwh8cMSIub","2fMe9lZs5HGGOwh8cMSIub","Lusine",37,"artist","spotify:artist:2fMe9lZs5HGGOwh8cMSIub"
785108,"indietronica, metropopolis, neo-synthpop","https://api.spotify.com/v1/artists/1l9d7B8W0IHy3LqWsxP2SH","1l9d7B8W0IHy3LqWsxP2SH","Phantogram",63,"artist","spotify:artist:1l9d7B8W0IHy3LqWsxP2SH"
21263,"australian indie rock","https://api.spotify.com/v1/artists/6uHxXCSJUP50EgddL6eWNC","6uHxXCSJUP50EgddL6eWNC","Phantastic Ferniture",33,"artist","spotify:artist:6uHxXCSJUP50EgddL6eWNC"
482624,"new jersey rap","https://api.spotify.com/v1/artists/12Zk1DFhCbHY6v3xep2ZjI","12Zk1DFhCbHY6v3xep2ZjI","070 Shake",70,"artist","spotify:artist:12Zk1DFhCbHY6v3xep2ZjI"
128814,"retro soul","https://api.spotify.com/v1/artists/2qFOYqFxPaIwEnffVhJhEn","2qFOYqFxPaIwEnffVhJhEn","The Dip",55,"artist","spotify:artist:2qFOYqFxPaIwEnffVhJhEn"
621754,"pov: indie","https://api.spotify.com/v1/artists/0ZxZlO7oWCSYMXhehpyMvE","0ZxZlO7oWCSYMXhehpyMvE","COIN",61,"artist","spotify:artist:0ZxZlO7oWCSYMXhehpyMvE"
429039,"alternative r&b","https://api.spotify.com/v1/artists/6I3MElirhT5t6Kf7p0hGk9","6I3MElirhT5t6Kf7p0hGk9","Duckwrth",58,"artist","spotify:artist:6I3MElirhT5t6Kf7p0hGk9"
5538263,"rap","https://api.spotify.com/v1/artists/0iEtIxbK0KxaSlF7G42ZOp","0iEtIxbK0KxaSlF7G42ZOp","Metro Boomin",87,"artist","spotify:artist:0iEtIxbK0KxaSlF7G42ZOp"
42008865,"dfw rap, melodic rap, pop, rap","https://api.spotify.com/v1/artists/246dkjvS1zLTtiykXe5h60","246dkjvS1zLTtiykXe5h60","Post Malone",89,"artist","spotify:artist:246dkjvS1zLTtiykXe5h60"
259500,"psychedelic soul","https://api.spotify.com/v1/artists/1itM5tXaK5THggpXA7ovAe","1itM5tXaK5THggpXA7ovAe","Skinshape",51,"artist","spotify:artist:1itM5tXaK5THggpXA7ovAe"
326527,"bluegrass, modern southern rock, neo-traditional bluegrass, new americana","https://api.spotify.com/v1/artists/3bLSAQPeix7Xm2e5Gtn48R","3bLSAQPeix7Xm2e5Gtn48R","The Steeldrivers",60,"artist","spotify:artist:3bLSAQPeix7Xm2e5Gtn48R"
1039281,"pop soul","https://api.spotify.com/v1/artists/3hv9jJF3adDNsBSIQDqcjp","3hv9jJF3adDNsBSIQDqcjp","Mark Ronson",72,"artist","spotify:artist:3hv9jJF3adDNsBSIQDqcjp"
2018840,"dance pop, electropop","https://api.spotify.com/v1/artists/13saZpZnCDWOI9D4IJhp1f","13saZpZnCDWOI9D4IJhp1f","Lily Allen",65,"artist","spotify:artist:13saZpZnCDWOI9D4IJhp1f"
12869,"abstract hip hop, minnesota hip hop","https://api.spotify.com/v1/artists/21Gcs1QTxaZxwNJls2OZs7","21Gcs1QTxaZxwNJls2OZs7","Four Fists",23,"artist","spotify:artist:21Gcs1QTxaZxwNJls2OZs7"
5234,"diy emo","https://api.spotify.com/v1/artists/4j5N6CLoWuY6yv1NOzFLyn","4j5N6CLoWuY6yv1NOzFLyn","Flycatcher",26,"artist","spotify:artist:4j5N6CLoWuY6yv1NOzFLyn"
21771,"neo-psychedelic, psychedelic jazz fusion, psychedelic soul","https://api.spotify.com/v1/artists/5gZWu16OAMVGmfLFNj0NCT","5gZWu16OAMVGmfLFNj0NCT","Ghost Funk Orchestra",38,"artist","spotify:artist:5gZWu16OAMVGmfLFNj0NCT"
21255779,"pop, viral pop","https://api.spotify.com/v1/artists/6VuMaDnrHyPL1p4EHjYLi7","6VuMaDnrHyPL1p4EHjYLi7","Charlie Puth",80,"artist","spotify:artist:6VuMaDnrHyPL1p4EHjYLi7"
1238234,"classic texas country, contemporary country, country dawn","https://api.spotify.com/v1/artists/70kkdajctXSbqSMJbQO424","70kkdajctXSbqSMJbQO424","Kacey Musgraves",72,"artist","spotify:artist:70kkdajctXSbqSMJbQO424"
331908,"alternative hip hop, underground hip hop","https://api.spotify.com/v1/artists/6vHBuUxrcpn1do5UaEJ7g6","6vHBuUxrcpn1do5UaEJ7g6","Domo Genesis",55,"artist","spotify:artist:6vHBuUxrcpn1do5UaEJ7g6"
149618,"funktronica, indie soul","https://api.spotify.com/v1/artists/10GT4yz8c6xjjnPGtGPI1l","10GT4yz8c6xjjnPGtGPI1l","Franc Moody",55,"artist","spotify:artist:10GT4yz8c6xjjnPGtGPI1l"
676522,"electronica, folktronica, indietronica, intelligent dance music, trip hop","https://api.spotify.com/v1/artists/7Eu1txygG6nJttLHbZdQOh","7Eu1txygG6nJttLHbZdQOh","Four Tet",63,"artist","spotify:artist:7Eu1txygG6nJttLHbZdQOh"
130992,"jacksonville indie, pov: indie","https://api.spotify.com/v1/artists/7FKTg75ADVMZgY3P9ZMRtH","7FKTg75ADVMZgY3P9ZMRtH","flipturn",57,"artist","spotify:artist:7FKTg75ADVMZgY3P9ZMRtH"
852831,"ann arbor indie, funk rock, instrumental funk","https://api.spotify.com/v1/artists/7pXu47GoqSYRajmBCjxdD6","7pXu47GoqSYRajmBCjxdD6","Vulfpeck",57,"artist","spotify:artist:7pXu47GoqSYRajmBCjxdD6"
3764251,"indietronica, modern alternative rock, modern rock, rock","https://api.spotify.com/v1/artists/7gP3bB2nilZXLfPHJhMdvc","7gP3bB2nilZXLfPHJhMdvc","Foster The People",69,"artist","spotify:artist:7gP3bB2nilZXLfPHJhMdvc"
659570,"classic soul, disco, funk, p funk, quiet storm, soul","https://api.spotify.com/v1/artists/6m30rs1IQqnWqV5nKMpU7U","6m30rs1IQqnWqV5nKMpU7U","Ohio Players",46,"artist","spotify:artist:6m30rs1IQqnWqV5nKMpU7U"
8616267,"east coast hip hop, gangster rap, hip hop, pop rap, rap","https://api.spotify.com/v1/artists/3nFkdlSjzX9mRTtwJOzDYB","3nFkdlSjzX9mRTtwJOzDYB","JAY-Z",82,"artist","spotify:artist:3nFkdlSjzX9mRTtwJOzDYB"
378554,"uk pop","https://api.spotify.com/v1/artists/4T2k9bgIoC8bbqjqiEl9vZ","4T2k9bgIoC8bbqjqiEl9vZ","Rhys Lewis",55,"artist","spotify:artist:4T2k9bgIoC8bbqjqiEl9vZ"
30589697,"chicago rap, melodic rap, rap","https://api.spotify.com/v1/artists/4MCBfE4596Uoi2O4DtmEMz","4MCBfE4596Uoi2O4DtmEMz","Juice WRLD",86,"artist","spotify:artist:4MCBfE4596Uoi2O4DtmEMz"
3204507,"indie rock, indietronica, modern alternative rock, modern rock, rock","https://api.spotify.com/v1/artists/3XHO7cRUPCLOr6jwp8vsx5","3XHO7cRUPCLOr6jwp8vsx5","alt-J",68,"artist","spotify:artist:3XHO7cRUPCLOr6jwp8vsx5"
113680,"indie garage rock, indie surf, surf punk","https://api.spotify.com/v1/artists/33LSz2nhC8pCPTb3pd5add","33LSz2nhC8pCPTb3pd5add","Hot Flash Heat Wave",40,"artist","spotify:artist:33LSz2nhC8pCPTb3pd5add"
10829510,"alternative hip hop, modern rock, rock","https://api.spotify.com/v1/artists/3AA28KZvwAUcZuOKwyblJQ","3AA28KZvwAUcZuOKwyblJQ","Gorillaz",77,"artist","spotify:artist:3AA28KZvwAUcZuOKwyblJQ"
260857,"alternative r&b, indie soul","https://api.spotify.com/v1/artists/6PEMFpe3PTOksdV4ZXUpbE","6PEMFpe3PTOksdV4ZXUpbE","NxWorries",53,"artist","spotify:artist:6PEMFpe3PTOksdV4ZXUpbE"
8565910,"british soul, neo soul","https://api.spotify.com/v1/artists/6Q192DXotxtaysaqNPy5yR","6Q192DXotxtaysaqNPy5yR","Amy Winehouse",73,"artist","spotify:artist:6Q192DXotxtaysaqNPy5yR"
317141,"","https://api.spotify.com/v1/artists/2exebQUDoIoT0dXA8BcN1P","2exebQUDoIoT0dXA8BcN1P","Home",59,"artist","spotify:artist:2exebQUDoIoT0dXA8BcN1P"
60209,"thai folk","https://api.spotify.com/v1/artists/3VSHFjwG94ubNcoST9hfxX","3VSHFjwG94ubNcoST9hfxX","Hugo",45,"artist","spotify:artist:3VSHFjwG94ubNcoST9hfxX"
457889,"bedroom pop","https://api.spotify.com/v1/artists/3dv4Q4q3LWOnbLJnC6GgTY","3dv4Q4q3LWOnbLJnC6GgTY","Yellow Days",48,"artist","spotify:artist:3dv4Q4q3LWOnbLJnC6GgTY"
130763,"bedroom pop","https://api.spotify.com/v1/artists/7MPGCB854Qo4alYMOPkBka","7MPGCB854Qo4alYMOPkBka","Ritt Momney",56,"artist","spotify:artist:7MPGCB854Qo4alYMOPkBka"
8805,"","https://api.spotify.com/v1/artists/6HIRyO3O2mbkdwih0Mi4vR","6HIRyO3O2mbkdwih0Mi4vR","JUICEB☮X",33,"artist","spotify:artist:6HIRyO3O2mbkdwih0Mi4vR"
65584,"chillhop, lo-fi beats, portland hip hop","https://api.spotify.com/v1/artists/5XTn5Az9AcSKu0oaauC5ES","5XTn5Az9AcSKu0oaauC5ES","quickly, quickly",43,"artist","spotify:artist:5XTn5Az9AcSKu0oaauC5ES"
175127,"modern folk rock, new jersey indie, pov: indie","https://api.spotify.com/v1/artists/73rPcaYEhBd0UuVZBqqyQJ","73rPcaYEhBd0UuVZBqqyQJ","The Happy Fits",55,"artist","spotify:artist:73rPcaYEhBd0UuVZBqqyQJ"
1196540,"alternative hip hop, hip hop, indiana hip hop, rap, underground hip hop","https://api.spotify.com/v1/artists/0Y4inQK6OespitzD6ijMwb","0Y4inQK6OespitzD6ijMwb","Freddie Gibbs",64,"artist","spotify:artist:0Y4inQK6OespitzD6ijMwb"
31514,"deathgrass","https://api.spotify.com/v1/artists/3k9kCfMqAsrd90TMsYzzmo","3k9kCfMqAsrd90TMsYzzmo","Tejon Street Corner Thieves",39,"artist","spotify:artist:3k9kCfMqAsrd90TMsYzzmo"
12300032,"indietronica, metropopolis, pop, uk pop","https://api.spotify.com/v1/artists/0X2BH1fck6amBIoJhDVmmJ","0X2BH1fck6amBIoJhDVmmJ","Ellie Goulding",78,"artist","spotify:artist:0X2BH1fck6amBIoJhDVmmJ"
253295,"australian indie","https://api.spotify.com/v1/artists/6wFwvxJkurQPU2UdeD4qVt","6wFwvxJkurQPU2UdeD4qVt","The Jungle Giants",54,"artist","spotify:artist:6wFwvxJkurQPU2UdeD4qVt"
289952,"new americana, north carolina roots, progressive bluegrass, stomp and holler","https://api.spotify.com/v1/artists/675tsBPpaZtqyiBwEf3ZEP","675tsBPpaZtqyiBwEf3ZEP","Watchhouse",61,"artist","spotify:artist:675tsBPpaZtqyiBwEf3ZEP"
1174281,"afrofuturism, indie soul","https://api.spotify.com/v1/artists/4frXpPxQQZwbCu3eTGnZEw","4frXpPxQQZwbCu3eTGnZEw","Thundercat",70,"artist","spotify:artist:4frXpPxQQZwbCu3eTGnZEw"
1280640,"album rock, classic rock, country rock, folk, folk rock, heartland rock, mellow gold, piano rock, singer-songwriter, soft rock","https://api.spotify.com/v1/artists/5lkiCO9UQ8B23dZ1o0UV4m","5lkiCO9UQ8B23dZ1o0UV4m","Jackson Browne",60,"artist","spotify:artist:5lkiCO9UQ8B23dZ1o0UV4m"
1545604,"chamber pop, indie folk, indie rock, indietronica, modern rock, stomp and holler","https://api.spotify.com/v1/artists/2cCUtGK9sDU2EoElnk0GNB","2cCUtGK9sDU2EoElnk0GNB","The National",66,"artist","spotify:artist:2cCUtGK9sDU2EoElnk0GNB"
12770845,"east coast hip hop, hip hop, rap, trap","https://api.spotify.com/v1/artists/13ubrt8QOOCPljQ2FL1Kca","13ubrt8QOOCPljQ2FL1Kca","A$AP Rocky",81,"artist","spotify:artist:13ubrt8QOOCPljQ2FL1Kca"
288883,"art pop, chamber pop, chillwave, denver indie, indie pop, indie rock, indie surf, shimmer pop","https://api.spotify.com/v1/artists/1ybAN3utgdoUL1MUCtH4QM","1ybAN3utgdoUL1MUCtH4QM","Tennis",52,"artist","spotify:artist:1ybAN3utgdoUL1MUCtH4QM"
75995,"dreamo, progressive post-hardcore","https://api.spotify.com/v1/artists/3YvQkjWJ5ykJVUNP7YbTy9","3YvQkjWJ5ykJVUNP7YbTy9","From Indian Lakes",38,"artist","spotify:artist:3YvQkjWJ5ykJVUNP7YbTy9"
104320,"contemporary jazz, jazz guitar","https://api.spotify.com/v1/artists/2TSuAchdgVzsAa9wDK1IeT","2TSuAchdgVzsAa9wDK1IeT","Julian Lage",46,"artist","spotify:artist:2TSuAchdgVzsAa9wDK1IeT"
981051,"indie pop","https://api.spotify.com/v1/artists/4NZvixzsSefsNiIqXn0NDe","4NZvixzsSefsNiIqXn0NDe","Maggie Rogers",68,"artist","spotify:artist:4NZvixzsSefsNiIqXn0NDe"
35869720,"pop, r&b","https://api.spotify.com/v1/artists/6vWDO969PvNqNYHIOW5v0m","6vWDO969PvNqNYHIOW5v0m","Beyoncé",85,"artist","spotify:artist:6vWDO969PvNqNYHIOW5v0m"
195538,"modern alternative rock, modern hard rock","https://api.spotify.com/v1/artists/6VTvaLJ9arNmKi8e1ekOwW","6VTvaLJ9arNmKi8e1ekOwW","cleopatrick",49,"artist","spotify:artist:6VTvaLJ9arNmKi8e1ekOwW"
1165008,"disco, funk, motown, quiet storm, soul, synth funk","https://api.spotify.com/v1/artists/0FrpdcVlJQqibaz5HfBUrL","0FrpdcVlJQqibaz5HfBUrL","Rick James",58,"artist","spotify:artist:0FrpdcVlJQqibaz5HfBUrL"
27585,"chillhop, lo-fi beats","https://api.spotify.com/v1/artists/1xOgtDBKnZvSLAgCVSOmNH","1xOgtDBKnZvSLAgCVSOmNH","Jaeden Camstra",52,"artist","spotify:artist:1xOgtDBKnZvSLAgCVSOmNH"
253844,"","https://api.spotify.com/v1/artists/73mSg0dykFyhvU96tb5xQV","73mSg0dykFyhvU96tb5xQV","Hermanos Gutiérrez",60,"artist","spotify:artist:73mSg0dykFyhvU96tb5xQV"
4892934,"metropopolis, pop, pov: indie, uk alternative pop","https://api.spotify.com/v1/artists/6CwfuxIqcltXDGjfZsMd9A","6CwfuxIqcltXDGjfZsMd9A","MARINA",71,"artist","spotify:artist:6CwfuxIqcltXDGjfZsMd9A"
478807,"compositional ambient, electronica, intelligent dance music","https://api.spotify.com/v1/artists/7yxi31szvlbwvKq9dYOmFI","7yxi31szvlbwvKq9dYOmFI","Jon Hopkins",53,"artist","spotify:artist:7yxi31szvlbwvKq9dYOmFI"
41070,"","https://api.spotify.com/v1/artists/0lIIsJafIVVi3ruN2vFzpS","0lIIsJafIVVi3ruN2vFzpS","Moglii",45,"artist","spotify:artist:0lIIsJafIVVi3ruN2vFzpS"
3369736,"modern alternative rock, modern rock, pov: indie, punk blues, rock","https://api.spotify.com/v1/artists/26T3LtbuGT1Fu9m0eRq5X3","26T3LtbuGT1Fu9m0eRq5X3","Cage The Elephant",71,"artist","spotify:artist:26T3LtbuGT1Fu9m0eRq5X3"
1197699,"ambient, braindance, electronica, intelligent dance music, uk experimental electronic","https://api.spotify.com/v1/artists/6kBDZFXuLrZgHnvmPu9NsG","6kBDZFXuLrZgHnvmPu9NsG","Aphex Twin",63,"artist","spotify:artist:6kBDZFXuLrZgHnvmPu9NsG"
520981,"alternative dance, alternative rock, art pop, baltimore indie, chillwave, dream pop, experimental pop, freak folk, indie rock, neo-synthpop, noise pop","https://api.spotify.com/v1/artists/4kwxTgCKMipBKhSnEstNKj","4kwxTgCKMipBKhSnEstNKj","Animal Collective",48,"artist","spotify:artist:4kwxTgCKMipBKhSnEstNKj"
145825,"miami indie","https://api.spotify.com/v1/artists/1ikg4sypcURm8Vy5GP68xb","1ikg4sypcURm8Vy5GP68xb","Magic City Hippies",53,"artist","spotify:artist:1ikg4sypcURm8Vy5GP68xb"
249633,"anime, j-pixie","https://api.spotify.com/v1/artists/2EWXgN0xWOnbqJOxa9pWNO","2EWXgN0xWOnbqJOxa9pWNO","SawanoHiroyuki[nZk]",56,"artist","spotify:artist:2EWXgN0xWOnbqJOxa9pWNO"
1367198,"mpb, samba-rock","https://api.spotify.com/v1/artists/0i1s9WcIu0PrUvHzALgofo","0i1s9WcIu0PrUvHzALgofo","Seu Jorge",63,"artist","spotify:artist:0i1s9WcIu0PrUvHzALgofo"
190670,"french indie pop, french indietronica","https://api.spotify.com/v1/artists/6MJKlN8ya42Agsw3iQZs6e","6MJKlN8ya42Agsw3iQZs6e","French 79",57,"artist","spotify:artist:6MJKlN8ya42Agsw3iQZs6e"
494777,"neo-psychedelic","https://api.spotify.com/v1/artists/4kSGbjWGxTchKpIxXPJv0B","4kSGbjWGxTchKpIxXPJv0B","Crumb",57,"artist","spotify:artist:4kSGbjWGxTchKpIxXPJv0B"
5232327,"folk-pop, modern rock, stomp and holler","https://api.spotify.com/v1/artists/16oZKvXb6WkQlVAjwo2Wbg","16oZKvXb6WkQlVAjwo2Wbg","The Lumineers",77,"artist","spotify:artist:16oZKvXb6WkQlVAjwo2Wbg"
933323,"bedroom pop, oakland indie, pov: indie","https://api.spotify.com/v1/artists/4iMO20EPodreIaEl8qW66y","4iMO20EPodreIaEl8qW66y","Still Woozy",65,"artist","spotify:artist:4iMO20EPodreIaEl8qW66y"
186707,"pov: indie","https://api.spotify.com/v1/artists/5CXdWANGwYYRPClH6hhC0P","5CXdWANGwYYRPClH6hhC0P","Kid Bloom",52,"artist","spotify:artist:5CXdWANGwYYRPClH6hhC0P"
83933,"glitch hop, jam band, lawrence ks indie","https://api.spotify.com/v1/artists/5czcqWtwZb5btfWWvWTmgZ","5czcqWtwZb5btfWWvWTmgZ","The Floozies",39,"artist","spotify:artist:5czcqWtwZb5btfWWvWTmgZ"
11374340,"atl hip hop, hip hop, rap","https://api.spotify.com/v1/artists/73sIBHcqh3Z3NyqHKZ7FOL","73sIBHcqh3Z3NyqHKZ7FOL","Childish Gambino",77,"artist","spotify:artist:73sIBHcqh3Z3NyqHKZ7FOL"
2328611,"alternative hip hop","https://api.spotify.com/v1/artists/6TLwD7HPWuiOzvXEa3oCNe","6TLwD7HPWuiOzvXEa3oCNe","Oliver Tree",72,"artist","spotify:artist:6TLwD7HPWuiOzvXEa3oCNe"
2140199,"art pop, canadian electropop, grave wave, indietronica, metropopolis, neo-synthpop","https://api.spotify.com/v1/artists/053q0ukIDRgzwTr4vNSwab","053q0ukIDRgzwTr4vNSwab","Grimes",67,"artist","spotify:artist:053q0ukIDRgzwTr4vNSwab"
217650,"complextro, dancefloor dnb, electro house","https://api.spotify.com/v1/artists/2BQWHuvxG4kMYnfghdaCIy","2BQWHuvxG4kMYnfghdaCIy","Fox Stevenson",54,"artist","spotify:artist:2BQWHuvxG4kMYnfghdaCIy"
42152,"reggae rock, south carolina indie","https://api.spotify.com/v1/artists/6nheJ1XoAkaKOLIgHzMbTq","6nheJ1XoAkaKOLIgHzMbTq","Little Stranger",48,"artist","spotify:artist:6nheJ1XoAkaKOLIgHzMbTq"
27782238,"pop","https://api.spotify.com/v1/artists/1McMsnEElThX1knmY4oliG","1McMsnEElThX1knmY4oliG","Olivia Rodrigo",87,"artist","spotify:artist:1McMsnEElThX1knmY4oliG"
43,"","https://api.spotify.com/v1/artists/7mahxSJ3YmAFR5i9QXIEEm","7mahxSJ3YmAFR5i9QXIEEm","Three More Wheels",9,"artist","spotify:artist:7mahxSJ3YmAFR5i9QXIEEm"
301342,"bedroom soul","https://api.spotify.com/v1/artists/0knGpCTbmG4ctl1wzYRZs4","0knGpCTbmG4ctl1wzYRZs4","Dijon",56,"artist","spotify:artist:0knGpCTbmG4ctl1wzYRZs4"
9592720,"dance pop","https://api.spotify.com/v1/artists/6XpaIBNiVzIetEPCWDvAFP","6XpaIBNiVzIetEPCWDvAFP","Whitney Houston",74,"artist","spotify:artist:6XpaIBNiVzIetEPCWDvAFP"
287678,"alternative rock, chamber pop, idaho indie, indie rock, lo-fi, noise rock","https://api.spotify.com/v1/artists/3kbBWco9PZ5eSQsNScwG6U","3kbBWco9PZ5eSQsNScwG6U","Built To Spill",47,"artist","spotify:artist:3kbBWco9PZ5eSQsNScwG6U"
850838,"bedroom pop, bedroom soul","https://api.spotify.com/v1/artists/5FxD8fkQZ6KcsSYupDVoSO","5FxD8fkQZ6KcsSYupDVoSO","Omar Apollo",68,"artist","spotify:artist:5FxD8fkQZ6KcsSYupDVoSO"
9636234,"electro, filter house, rock","https://api.spotify.com/v1/artists/4tZwfgrHOc3mvqYlEYSvVi","4tZwfgrHOc3mvqYlEYSvVi","Daft Punk",79,"artist","spotify:artist:4tZwfgrHOc3mvqYlEYSvVi"
7955,"alt-idol, idol rock, j-pixie","https://api.spotify.com/v1/artists/5HumUo2OdKgqtpk2vz1A10","5HumUo2OdKgqtpk2vz1A10","NEO JAPONISM",25,"artist","spotify:artist:5HumUo2OdKgqtpk2vz1A10"
2339465,"indie rock, indietronica, irish rock, modern alternative rock, modern rock, northern irish indie","https://api.spotify.com/v1/artists/536BYVgOnRky0xjsPT96zl","536BYVgOnRky0xjsPT96zl","Two Door Cinema Club",67,"artist","spotify:artist:536BYVgOnRky0xjsPT96zl"
1255,"deep latin jazz","https://api.spotify.com/v1/artists/48XnG6WkLWkpww5oIJib0X","48XnG6WkLWkpww5oIJib0X","Damjan Krajacic",21,"artist","spotify:artist:48XnG6WkLWkpww5oIJib0X"
1435,"","https://api.spotify.com/v1/artists/07qmux75ZCIGFmkjC5K5lX","07qmux75ZCIGFmkjC5K5lX","Kwaj",20,"artist","spotify:artist:07qmux75ZCIGFmkjC5K5lX"
4598949,"gangster rap, hip hop, pop rap, rap, southern hip hop, trap","https://api.spotify.com/v1/artists/5IcR3N7QB1j6KBL8eImZ8m","5IcR3N7QB1j6KBL8eImZ8m","ScHoolboy Q",70,"artist","spotify:artist:5IcR3N7QB1j6KBL8eImZ8m"
304121,"alternative emo, chill dream pop, dreamo, emo","https://api.spotify.com/v1/artists/0gLjJuczGWhqKVMmVpIT52","0gLjJuczGWhqKVMmVpIT52","Turnover",54,"artist","spotify:artist:0gLjJuczGWhqKVMmVpIT52"
2673648,"jazz blues, neo soul, soul, soul jazz, torch song, vocal jazz","https://api.spotify.com/v1/artists/7G1GBhoKtEPnP86X2PvEYO","7G1GBhoKtEPnP86X2PvEYO","Nina Simone",66,"artist","spotify:artist:7G1GBhoKtEPnP86X2PvEYO"
742457,"pov: indie, vancouver indie","https://api.spotify.com/v1/artists/6fC2AcsQtd9h4BWELbbire","6fC2AcsQtd9h4BWELbbire","Peach Pit",61,"artist","spotify:artist:6fC2AcsQtd9h4BWELbbire"
428927,"pov: indie","https://api.spotify.com/v1/artists/7gHscNMDI8FF8pcgrV8eIn","7gHscNMDI8FF8pcgrV8eIn","Matt Maeson",62,"artist","spotify:artist:7gHscNMDI8FF8pcgrV8eIn"
511314,"boston rock, indie folk, new americana","https://api.spotify.com/v1/artists/3nuc29fYGlQbIrwh4yrNWd","3nuc29fYGlQbIrwh4yrNWd","Lake Street Dive",58,"artist","spotify:artist:3nuc29fYGlQbIrwh4yrNWd"
5886996,"pop","https://api.spotify.com/v1/artists/2kRfqPViCqYdSGhYSM9R0Q","2kRfqPViCqYdSGhYSM9R0Q","Madison Beer",71,"artist","spotify:artist:2kRfqPViCqYdSGhYSM9R0Q"
55058,"","https://api.spotify.com/v1/artists/1JWMpIl0nhqFJNdO3IOQ20","1JWMpIl0nhqFJNdO3IOQ20","49 Winchester",58,"artist","spotify:artist:1JWMpIl0nhqFJNdO3IOQ20"
21822,"organic electronic, organic house","https://api.spotify.com/v1/artists/6DPQIFnbvlnYf0QozkfiPw","6DPQIFnbvlnYf0QozkfiPw","Kermesse",39,"artist","spotify:artist:6DPQIFnbvlnYf0QozkfiPw"
214879,"garage rock, modern blues rock","https://api.spotify.com/v1/artists/3mVWMgLc7bcyCBtL2ymZwK","3mVWMgLc7bcyCBtL2ymZwK","The Arcs",45,"artist","spotify:artist:3mVWMgLc7bcyCBtL2ymZwK"
788618,"indie folk, pop folk, stomp and flutter, stomp and holler","https://api.spotify.com/v1/artists/5sXaGoRLSpd7VeyZrLkKwt","5sXaGoRLSpd7VeyZrLkKwt","Gregory Alan Isakov",68,"artist","spotify:artist:5sXaGoRLSpd7VeyZrLkKwt"
473542,"classical, impressionism, neoclassicism, post-romantic era","https://api.spotify.com/v1/artists/17hR0sYHpx7VYTMRfFUOmY","17hR0sYHpx7VYTMRfFUOmY","Maurice Ravel",57,"artist","spotify:artist:17hR0sYHpx7VYTMRfFUOmY"
4524101,"beatlesque, classic rock, mellow gold, rock","https://api.spotify.com/v1/artists/4STHEaNw4mPZ2tzheohgXB","4STHEaNw4mPZ2tzheohgXB","Paul McCartney",69,"artist","spotify:artist:4STHEaNw4mPZ2tzheohgXB"
85995651,"art pop, electropop, pop","https://api.spotify.com/v1/artists/6qqNVTkY8uBg9cP3Jd7DAH","6qqNVTkY8uBg9cP3Jd7DAH","Billie Eilish",88,"artist","spotify:artist:6qqNVTkY8uBg9cP3Jd7DAH"
48282831,"classic rock, glam rock, rock","https://api.spotify.com/v1/artists/1dfeR4HaWDbWqFHLkxsg1d","1dfeR4HaWDbWqFHLkxsg1d","Queen",82,"artist","spotify:artist:1dfeR4HaWDbWqFHLkxsg1d"
24807,"chillsynth, synthwave","https://api.spotify.com/v1/artists/1FwlK3oTrK60CBk54koZJg","1FwlK3oTrK60CBk54koZJg","Lucy In Disguise",42,"artist","spotify:artist:1FwlK3oTrK60CBk54koZJg"
19383,"","https://api.spotify.com/v1/artists/1BPsbKiNgav1TY1ITIU8C5","1BPsbKiNgav1TY1ITIU8C5","Benji Lewis",48,"artist","spotify:artist:1BPsbKiNgav1TY1ITIU8C5"
130187,"nyc rap","https://api.spotify.com/v1/artists/7MigDh04CCntQbsBvugEmb","7MigDh04CCntQbsBvugEmb","Marlon Craft",58,"artist","spotify:artist:7MigDh04CCntQbsBvugEmb"
11992427,"pop","https://api.spotify.com/v1/artists/20JZFwl6HVl6yg8a4H3ZqK","20JZFwl6HVl6yg8a4H3ZqK","Panic! At The Disco",75,"artist","spotify:artist:20JZFwl6HVl6yg8a4H3ZqK"
26209652,"dance pop, pop","https://api.spotify.com/v1/artists/5cj0lLjcoR7YOSnhnX0Po5","5cj0lLjcoR7YOSnhnX0Po5","Doja Cat",86,"artist","spotify:artist:5cj0lLjcoR7YOSnhnX0Po5"
6902279,"modern alternative rock, modern rock, pop, pov: indie, rock","https://api.spotify.com/v1/artists/3mIj9lX2MWuHmhNCA7LSCW","3mIj9lX2MWuHmhNCA7LSCW","The 1975",76,"artist","spotify:artist:3mIj9lX2MWuHmhNCA7LSCW"
112197,"indie soul, vapor soul","https://api.spotify.com/v1/artists/7vjRpVXoecwKTEsrb9iscj","7vjRpVXoecwKTEsrb9iscj","Jadu Heart",53,"artist","spotify:artist:7vjRpVXoecwKTEsrb9iscj"
108491,"compositional ambient, instrumental post-rock, space ambient","https://api.spotify.com/v1/artists/592TFYwu9Qb0RC1hKDbX2w","592TFYwu9Qb0RC1hKDbX2w","Helios",43,"artist","spotify:artist:592TFYwu9Qb0RC1hKDbX2w"
604899,"minneapolis indie, modern rock, pov: indie","https://api.spotify.com/v1/artists/1btWGBz4Uu1HozTwb2Lm8A","1btWGBz4Uu1HozTwb2Lm8A","Hippo Campus",59,"artist","spotify:artist:1btWGBz4Uu1HozTwb2Lm8A"
908290,"austindie, indie rock, pov: indie","https://api.spotify.com/v1/artists/6eJa3zG1QZLRB3xgRuyxbm","6eJa3zG1QZLRB3xgRuyxbm","Dayglow",64,"artist","spotify:artist:6eJa3zG1QZLRB3xgRuyxbm"
5636152,"escape room, minnesota hip hop, pop, trap queen","https://api.spotify.com/v1/artists/56oDRnqbIiwx4mymNEv7dS","56oDRnqbIiwx4mymNEv7dS","Lizzo",74,"artist","spotify:artist:56oDRnqbIiwx4mymNEv7dS"
483323,"bedroom pop, indie poptimism, pov: indie","https://api.spotify.com/v1/artists/6sHCvZe1PHrOAuYlwTLNH4","6sHCvZe1PHrOAuYlwTLNH4","Gus Dapperton",58,"artist","spotify:artist:6sHCvZe1PHrOAuYlwTLNH4"
5527,"south carolina indie","https://api.spotify.com/v1/artists/2fnV6seL0Y3klLT1gR7Qa2","2fnV6seL0Y3klLT1gR7Qa2","Little Bird",23,"artist","spotify:artist:2fnV6seL0Y3klLT1gR7Qa2"
86205,"modern indie folk","https://api.spotify.com/v1/artists/1sgVcCMCarG7yWGmkP9wMb","1sgVcCMCarG7yWGmkP9wMb","John Vincent III",56,"artist","spotify:artist:1sgVcCMCarG7yWGmkP9wMb"
1227052,"pov: indie","https://api.spotify.com/v1/artists/2RQXRUsr4IW1f3mKyKsy4B","2RQXRUsr4IW1f3mKyKsy4B","Noah Kahan",80,"artist","spotify:artist:2RQXRUsr4IW1f3mKyKsy4B"
100063,"lancaster pa indie","https://api.spotify.com/v1/artists/3HZgaiR960RFqx9d4LPraD","3HZgaiR960RFqx9d4LPraD","The Districts",38,"artist","spotify:artist:3HZgaiR960RFqx9d4LPraD"
4515199,"edmonton indie, lo-fi indie, pov: indie","https://api.spotify.com/v1/artists/3Sz7ZnJQBIHsXLUSo0OQtM","3Sz7ZnJQBIHsXLUSo0OQtM","Mac DeMarco",78,"artist","spotify:artist:3Sz7ZnJQBIHsXLUSo0OQtM"
165227,"compositional ambient, melancholia, neoclassical darkwave, pastoral, post-rock","https://api.spotify.com/v1/artists/1U0FaHAc4fcwQcYEJFgkm9","1U0FaHAc4fcwQcYEJFgkm9","Balmorhea",49,"artist","spotify:artist:1U0FaHAc4fcwQcYEJFgkm9"
252452,"ambient folk, chillwave, downtempo, electronica, folktronica, indietronica","https://api.spotify.com/v1/artists/0qzzGu8qpbXYpzgV52wOFT","0qzzGu8qpbXYpzgV52wOFT","Bibio",51,"artist","spotify:artist:0qzzGu8qpbXYpzgV52wOFT"
5984138,"cloud rap, dark trap, new orleans rap, underground hip hop","https://api.spotify.com/v1/artists/1VPmR4DJC1PlOtd0IADAO0","1VPmR4DJC1PlOtd0IADAO0","$uicideboy$",84,"artist","spotify:artist:1VPmR4DJC1PlOtd0IADAO0"
166984,"vapor soul","https://api.spotify.com/v1/artists/3S4d3YRNGg2OhnNm3QvfhA","3S4d3YRNGg2OhnNm3QvfhA","slenderbodies",48,"artist","spotify:artist:3S4d3YRNGg2OhnNm3QvfhA"
555887,"hip hop, pop rap, rap, underground hip hop","https://api.spotify.com/v1/artists/1iNqsUDUraNWrj00bqssQG","1iNqsUDUraNWrj00bqssQG","Dreamville",66,"artist","spotify:artist:1iNqsUDUraNWrj00bqssQG"
937395,"pov: indie","https://api.spotify.com/v1/artists/2D4FOOOtWycb3Aw9nY5n3c","2D4FOOOtWycb3Aw9nY5n3c","Declan McKenna",63,"artist","spotify:artist:2D4FOOOtWycb3Aw9nY5n3c"
838134,"alternative r&b","https://api.spotify.com/v1/artists/1ybINI1qPiFbwDXamRtwxD","1ybINI1qPiFbwDXamRtwxD","Smino",65,"artist","spotify:artist:1ybINI1qPiFbwDXamRtwxD"
474209,"la indie, modern alternative rock, modern rock, pov: indie","https://api.spotify.com/v1/artists/0YhUSm86okLWldQVwJkLlP","0YhUSm86okLWldQVwJkLlP","Bad Suns",56,"artist","spotify:artist:0YhUSm86okLWldQVwJkLlP"
78233,"australian alternative rock","https://api.spotify.com/v1/artists/6kGMx9MqwnbKR2EYvZvvrG","6kGMx9MqwnbKR2EYvZvvrG","Alex Cameron",39,"artist","spotify:artist:6kGMx9MqwnbKR2EYvZvvrG"
10265735,"emo, modern rock, pop, pop punk, rock","https://api.spotify.com/v1/artists/4UXqAaa6dQYAk18Lv7PEgX","4UXqAaa6dQYAk18Lv7PEgX","Fall Out Boy",78,"artist","spotify:artist:4UXqAaa6dQYAk18Lv7PEgX"
1070275,"acoustic pop, chamber pop, indie folk, indie rock, stomp and holler","https://api.spotify.com/v1/artists/4M5nCE77Qaxayuhp3fVn4V","4M5nCE77Qaxayuhp3fVn4V","Iron & Wine",61,"artist","spotify:artist:4M5nCE77Qaxayuhp3fVn4V"
2179,"","https://api.spotify.com/v1/artists/7HCC7kE2A7UW1IGOzajebg","7HCC7kE2A7UW1IGOzajebg","Victoria Victoria",16,"artist","spotify:artist:7HCC7kE2A7UW1IGOzajebg"
60158,"proto-hyperpop","https://api.spotify.com/v1/artists/1He0ZKninbT4FMEV9hUZKn","1He0ZKninbT4FMEV9hUZKn","Mindchatter",51,"artist","spotify:artist:1He0ZKninbT4FMEV9hUZKn"
6066120,"classic rock, country rock, rock, southern rock, swamp rock","https://api.spotify.com/v1/artists/3IYUhFvPQItj6xySrBmZkd","3IYUhFvPQItj6xySrBmZkd","Creedence Clearwater Revival",78,"artist","spotify:artist:3IYUhFvPQItj6xySrBmZkd"
12484819,"lgbtq+ hip hop","https://api.spotify.com/v1/artists/7jVv8c5Fj3E9VhNjxT4snq","7jVv8c5Fj3E9VhNjxT4snq","Lil Nas X",76,"artist","spotify:artist:7jVv8c5Fj3E9VhNjxT4snq"
397074,"indie pop, modern alternative pop","https://api.spotify.com/v1/artists/0NB5HROxc8dDBXpkIi1v3d","0NB5HROxc8dDBXpkIi1v3d","Remi Wolf",61,"artist","spotify:artist:0NB5HROxc8dDBXpkIi1v3d"
421394,"","https://api.spotify.com/v1/artists/7oZLKL1GjYiaAgssXsLmW8","7oZLKL1GjYiaAgssXsLmW8","DOPE LEMON",60,"artist","spotify:artist:7oZLKL1GjYiaAgssXsLmW8"
1060273,"electropop, indie poptimism, pov: indie","https://api.spotify.com/v1/artists/5cIc3SBFuBLVxJz58W2tU9","5cIc3SBFuBLVxJz58W2tU9","Oh Wonder",65,"artist","spotify:artist:5cIc3SBFuBLVxJz58W2tU9"
7196953,"boy band, pop","https://api.spotify.com/v1/artists/7gOdHgIoIKoe4i9Tta6qdD","7gOdHgIoIKoe4i9Tta6qdD","Jonas Brothers",77,"artist","spotify:artist:7gOdHgIoIKoe4i9Tta6qdD"
8626,"pittsburgh rap","https://api.spotify.com/v1/artists/2Y4AFMyyarPFVfz9o2CRo2","2Y4AFMyyarPFVfz9o2CRo2","Benji.",42,"artist","spotify:artist:2Y4AFMyyarPFVfz9o2CRo2"
2538995,"pov: indie","https://api.spotify.com/v1/artists/0NIPkIjTV8mB795yEIiPYL","0NIPkIjTV8mB795yEIiPYL","Wallows",67,"artist","spotify:artist:0NIPkIjTV8mB795yEIiPYL"
24058754,"hip hop, rap, slap house","https://api.spotify.com/v1/artists/0Y5tJX1MQlPlqiwlOH1tJY","0Y5tJX1MQlPlqiwlOH1tJY","Travis Scott",93,"artist","spotify:artist:0Y5tJX1MQlPlqiwlOH1tJY"
394448,"chicago rap, indie hip hop","https://api.spotify.com/v1/artists/4T8NIfZmVY6TJFqVzN6X49","4T8NIfZmVY6TJFqVzN6X49","tobi lou",60,"artist","spotify:artist:4T8NIfZmVY6TJFqVzN6X49"
1790745,"conscious hip hop, hip hop, rap, underground hip hop","https://api.spotify.com/v1/artists/68kEuyFKyqrdQQLLsmiatm","68kEuyFKyqrdQQLLsmiatm","Vince Staples",65,"artist","spotify:artist:68kEuyFKyqrdQQLLsmiatm"
122769,"indie pop, kc indie, pov: indie","https://api.spotify.com/v1/artists/1MIe1z4RdqLqHSJsb7EBMm","1MIe1z4RdqLqHSJsb7EBMm","The Greeting Committee",46,"artist","spotify:artist:1MIe1z4RdqLqHSJsb7EBMm"
343497,"ecuadorian indie, latintronica, organic electronic","https://api.spotify.com/v1/artists/0OltT51j3hIkgaDJqqPzDn","0OltT51j3hIkgaDJqqPzDn","Nicola Cruz",50,"artist","spotify:artist:0OltT51j3hIkgaDJqqPzDn"
1457891,"classical, impressionism, post-romantic era","https://api.spotify.com/v1/artists/1Uff91EOsvd99rtAupatMP","1Uff91EOsvd99rtAupatMP","Claude Debussy",66,"artist","spotify:artist:1Uff91EOsvd99rtAupatMP"
41481241,"dance pop, pop, uk pop","https://api.spotify.com/v1/artists/6M2wZ9GZgrQXHCFfjv46we","6M2wZ9GZgrQXHCFfjv46we","Dua Lipa",86,"artist","spotify:artist:6M2wZ9GZgrQXHCFfjv46we"
3914452,"alternative rock, blues rock, garage rock, indie rock, indietronica, modern blues rock, modern rock, punk blues, rock, roots rock","https://api.spotify.com/v1/artists/7mnBLXK823vNxN3UWB7Gfz","7mnBLXK823vNxN3UWB7Gfz","The Black Keys",69,"artist","spotify:artist:7mnBLXK823vNxN3UWB7Gfz"
255163,"electronica, hamburg electronic, organic electronic, pop ambient","https://api.spotify.com/v1/artists/3tSvlEzeDnVbQJBTkIA6nO","3tSvlEzeDnVbQJBTkIA6nO","Christian Löffler",52,"artist","spotify:artist:3tSvlEzeDnVbQJBTkIA6nO"
2320209,"afrofuturism, pop, post-teen pop, pov: indie","https://api.spotify.com/v1/artists/3rWZHrfrsPBxVy692yAIxF","3rWZHrfrsPBxVy692yAIxF","WILLOW",69,"artist","spotify:artist:3rWZHrfrsPBxVy692yAIxF"
223417,"british alternative rock, modern alternative rock","https://api.spotify.com/v1/artists/1aOt6LvXOV6I8dv1A5Diia","1aOt6LvXOV6I8dv1A5Diia","DON BROCO",52,"artist","spotify:artist:1aOt6LvXOV6I8dv1A5Diia"
252522,"alternative emo, diy emo, emo, indie punk, north carolina emo","https://api.spotify.com/v1/artists/6PsktPFR0UZptKdSqmlS5h","6PsktPFR0UZptKdSqmlS5h","Mom Jeans.",54,"artist","spotify:artist:6PsktPFR0UZptKdSqmlS5h"
22074793,"pop","https://api.spotify.com/v1/artists/5YGY8feqx7naU7z4HrwZM6","5YGY8feqx7naU7z4HrwZM6","Miley Cyrus",85,"artist","spotify:artist:5YGY8feqx7naU7z4HrwZM6"
198694,"boston hardcore, chaotic hardcore, mathcore, metalcore, post-hardcore, post-rock, sludge metal","https://api.spotify.com/v1/artists/7kHzfxMLtVHHb523s43rY1","7kHzfxMLtVHHb523s43rY1","Converge",42,"artist","spotify:artist:7kHzfxMLtVHHb523s43rY1"
265266,"indie r&b, nyc pop","https://api.spotify.com/v1/artists/6iWuBN32BqCJAeXW6o3nil","6iWuBN32BqCJAeXW6o3nil","Cautious Clay",56,"artist","spotify:artist:6iWuBN32BqCJAeXW6o3nil"
855537,"alternative r&b","https://api.spotify.com/v1/artists/5XenQ7XfcvQdfIbpLEFaKQ","5XenQ7XfcvQdfIbpLEFaKQ","GoldLink",64,"artist","spotify:artist:5XenQ7XfcvQdfIbpLEFaKQ"
42393,"indie game soundtrack","https://api.spotify.com/v1/artists/63OPPk7uHFdcpTuOFYpNfV","63OPPk7uHFdcpTuOFYpNfV","Chris Christodoulou",47,"artist","spotify:artist:63OPPk7uHFdcpTuOFYpNfV"
2426329,"modern blues rock, modern hard rock, rock","https://api.spotify.com/v1/artists/4NpFxQe2UvRCAjto3JqlSl","4NpFxQe2UvRCAjto3JqlSl","Greta Van Fleet",67,"artist","spotify:artist:4NpFxQe2UvRCAjto3JqlSl"
1322353,"hip hop, rap, tennessee hip hop, underground hip hop","https://api.spotify.com/v1/artists/6aaMZ3fcfLv4tEbmY7bjRM","6aaMZ3fcfLv4tEbmY7bjRM","Isaiah Rashad",66,"artist","spotify:artist:6aaMZ3fcfLv4tEbmY7bjRM"
1829,"","https://api.spotify.com/v1/artists/5DUZJwpFtWGiMAswPUtlh3","5DUZJwpFtWGiMAswPUtlh3","Baby Bulldog",22,"artist","spotify:artist:5DUZJwpFtWGiMAswPUtlh3"
259937,"alternative r&b, australian hip hop, conscious hip hop, escape room, zambian hip hop","https://api.spotify.com/v1/artists/7fw0E8WHdG3r9SuPBcGmWk","7fw0E8WHdG3r9SuPBcGmWk","Sampa the Great",48,"artist","spotify:artist:7fw0E8WHdG3r9SuPBcGmWk"
1568794,"modern blues, neo soul, soul","https://api.spotify.com/v1/artists/3qnGvpP8Yth1AqSBMqON5x","3qnGvpP8Yth1AqSBMqON5x","Leon Bridges",70,"artist","spotify:artist:3qnGvpP8Yth1AqSBMqON5x"
1870254,"alt z, la indie, pop, pov: indie","https://api.spotify.com/v1/artists/37M5pPGs6V1fchFJSgCguX","37M5pPGs6V1fchFJSgCguX","FINNEAS",66,"artist","spotify:artist:37M5pPGs6V1fchFJSgCguX"
698138,"acoustic pop, australian indie folk, indie folk, stomp and holler","https://api.spotify.com/v1/artists/79hrYiudVcFyyxyJW0ipTy","79hrYiudVcFyyxyJW0ipTy","The Paper Kites",67,"artist","spotify:artist:79hrYiudVcFyyxyJW0ipTy"
156727,"australian indie folk, folk-pop","https://api.spotify.com/v1/artists/6cSxzHrQgGc4I4Ck5Gewej","6cSxzHrQgGc4I4Ck5Gewej","Sons Of The East",57,"artist","spotify:artist:6cSxzHrQgGc4I4Ck5Gewej"
1877825,"alternative dance, indie rock, modern rock, new rave, rock independant francais","https://api.spotify.com/v1/artists/1xU878Z1QtBldR7ru9owdU","1xU878Z1QtBldR7ru9owdU","Phoenix",63,"artist","spotify:artist:1xU878Z1QtBldR7ru9owdU"
1619702,"icelandic indie, icelandic rock, modern alternative rock","https://api.spotify.com/v1/artists/7jdFEYD2LTYjfwxOdlVjmc","7jdFEYD2LTYjfwxOdlVjmc","KALEO",68,"artist","spotify:artist:7jdFEYD2LTYjfwxOdlVjmc"
1053651,"alternative hip hop, escape room, hip hop, political hip hop","https://api.spotify.com/v1/artists/4RnBFZRiMLRyZy0AzzTg2C","4RnBFZRiMLRyZy0AzzTg2C","Run The Jewels",58,"artist","spotify:artist:4RnBFZRiMLRyZy0AzzTg2C"
1935619,"indie pop, la indie, pov: indie","https://api.spotify.com/v1/artists/1r1uxoy19fzMxunt3ONAkG","1r1uxoy19fzMxunt3ONAkG","Phoebe Bridgers",76,"artist","spotify:artist:1r1uxoy19fzMxunt3ONAkG"
599522,"chamber pop, freak folk, new weird america","https://api.spotify.com/v1/artists/1YZEoYFXx4AxVv13OiOPvZ","1YZEoYFXx4AxVv13OiOPvZ","Devendra Banhart",55,"artist","spotify:artist:1YZEoYFXx4AxVv13OiOPvZ"
1787006,"adult standards, harlem renaissance, jazz, jazz blues, soul, swing, torch song, vocal jazz","https://api.spotify.com/v1/artists/1YzCsTRb22dQkh9lghPIrp","1YzCsTRb22dQkh9lghPIrp","Billie Holiday",62,"artist","spotify:artist:1YzCsTRb22dQkh9lghPIrp"
641199,"chamber pop, indie rock, la indie, modern rock, shimmer pop, stomp and holler","https://api.spotify.com/v1/artists/75dQReiBOHN37fQgWQrIAJ","75dQReiBOHN37fQgWQrIAJ","Local Natives",56,"artist","spotify:artist:75dQReiBOHN37fQgWQrIAJ"
999445,"modern alternative rock, modern rock, stomp pop, welsh rock","https://api.spotify.com/v1/artists/2xaAOVImG2O6lURwqperlD","2xaAOVImG2O6lURwqperlD","Catfish and the Bottlemen",61,"artist","spotify:artist:2xaAOVImG2O6lURwqperlD"
704082,"alternative r&b, chicago rap","https://api.spotify.com/v1/artists/7Hjbimq43OgxaBRpFXic4x","7Hjbimq43OgxaBRpFXic4x","Saba",61,"artist","spotify:artist:7Hjbimq43OgxaBRpFXic4x"
6273262,"bedroom pop, indie pop, norwegian indie, pop, pov: indie","https://api.spotify.com/v1/artists/3uwAm6vQy7kWPS2bciKWx9","3uwAm6vQy7kWPS2bciKWx9","girl in red",72,"artist","spotify:artist:3uwAm6vQy7kWPS2bciKWx9"
210037,"nyc pop, retro soul","https://api.spotify.com/v1/artists/5rwUYLyUq8gBsVaOUcUxpE","5rwUYLyUq8gBsVaOUcUxpE","Lawrence",51,"artist","spotify:artist:5rwUYLyUq8gBsVaOUcUxpE"
591397,"chamber pop, indie rock, indietronica, la indie, modern rock","https://api.spotify.com/v1/artists/6dgwEwnK0YtDfS9XhRwBTG","6dgwEwnK0YtDfS9XhRwBTG","Broken Bells",56,"artist","spotify:artist:6dgwEwnK0YtDfS9XhRwBTG"
569031,"baroque pop, chamber pop, chicago indie, indie rock, melancholia, stomp and holler","https://api.spotify.com/v1/artists/4uSftVc3FPWe6RJuMZNEe9","4uSftVc3FPWe6RJuMZNEe9","Andrew Bird",54,"artist","spotify:artist:4uSftVc3FPWe6RJuMZNEe9"
1167383,"albuquerque indie, alternative rock, canadian indie, chamber pop, indie pop, indie rock, modern rock, portland indie, stomp and holler","https://api.spotify.com/v1/artists/4LG4Bs1Gadht7TCrMytQUO","4LG4Bs1Gadht7TCrMytQUO","The Shins",61,"artist","spotify:artist:4LG4Bs1Gadht7TCrMytQUO"
1959184,"polish pop, talent show","https://api.spotify.com/v1/artists/6EB8VE9f7Ut6NOgviN6gDW","6EB8VE9f7Ut6NOgviN6gDW","Dawid Podsiadło",66,"artist","spotify:artist:6EB8VE9f7Ut6NOgviN6gDW"
28120,"","https://api.spotify.com/v1/artists/4Bu9DnBZ12oX7MiiaJy9hK","4Bu9DnBZ12oX7MiiaJy9hK","Carter Vail",37,"artist","spotify:artist:4Bu9DnBZ12oX7MiiaJy9hK"
650410,"israeli pop","https://api.spotify.com/v1/artists/3EOEK57CV77D4ovYVcmiyt","3EOEK57CV77D4ovYVcmiyt","Dennis Lloyd",64,"artist","spotify:artist:3EOEK57CV77D4ovYVcmiyt"
3042245,"modern indie pop, pov: indie, singer-songwriter pop","https://api.spotify.com/v1/artists/164Uj4eKjl6zTBKfJLFKKK","164Uj4eKjl6zTBKfJLFKKK","JVKE",77,"artist","spotify:artist:164Uj4eKjl6zTBKfJLFKKK"
2856136,"alternative rock, indie rock, indietronica, modern rock, rock","https://api.spotify.com/v1/artists/0SwO7SWeDHJijQ3XNS7xEE","0SwO7SWeDHJijQ3XNS7xEE","MGMT",71,"artist","spotify:artist:0SwO7SWeDHJijQ3XNS7xEE"
3478911,"chamber pop, eau claire indie, indie folk, melancholia, modern rock","https://api.spotify.com/v1/artists/4LEiUm1SRbFMgfqnQTwUbQ","4LEiUm1SRbFMgfqnQTwUbQ","Bon Iver",74,"artist","spotify:artist:4LEiUm1SRbFMgfqnQTwUbQ"
57728618,"barbadian pop, pop, urban contemporary","https://api.spotify.com/v1/artists/5pKCCKE2ajJHZ9KAiaK11H","5pKCCKE2ajJHZ9KAiaK11H","Rihanna",88,"artist","spotify:artist:5pKCCKE2ajJHZ9KAiaK11H"
31741,"jazz guitar, jazz guitar trio, jazz trio","https://api.spotify.com/v1/artists/6WbUlW1uuChmQumXueDmgp","6WbUlW1uuChmQumXueDmgp","Wes Montgomery Trio",38,"artist","spotify:artist:6WbUlW1uuChmQumXueDmgp"
727818,"chillwave, hypnagogic pop, indie soul, indietronica","https://api.spotify.com/v1/artists/6O4EGCCb6DoIiR6B1QCQgp","6O4EGCCb6DoIiR6B1QCQgp","Toro y Moi",60,"artist","spotify:artist:6O4EGCCb6DoIiR6B1QCQgp"
509183,"austin americana, austindie, indie folk, new americana, stomp and holler","https://api.spotify.com/v1/artists/1fZpYWNWdL5Z3wrDtISFUH","1fZpYWNWdL5Z3wrDtISFUH","Shakey Graves",59,"artist","spotify:artist:1fZpYWNWdL5Z3wrDtISFUH"
763684,"art pop, chamber pop, indie rock, singer-songwriter, stomp and holler","https://api.spotify.com/v1/artists/2kGBy2WHvF0VdZyqiVCkDT","2kGBy2WHvF0VdZyqiVCkDT","Father John Misty",66,"artist","spotify:artist:2kGBy2WHvF0VdZyqiVCkDT"
4782088,"r&b","https://api.spotify.com/v1/artists/360IAlyVv4PCEVjgyMZrxK","360IAlyVv4PCEVjgyMZrxK","Miguel",77,"artist","spotify:artist:360IAlyVv4PCEVjgyMZrxK"
81897,"future bass","https://api.spotify.com/v1/artists/1JV42BPeocUJ0EyQh8ug6V","1JV42BPeocUJ0EyQh8ug6V","smle",46,"artist","spotify:artist:1JV42BPeocUJ0EyQh8ug6V"
7976,"covertronica, finnish edm","https://api.spotify.com/v1/artists/2mdhxkqoWFBLtEC5FRkMD0","2mdhxkqoWFBLtEC5FRkMD0","MKJ",53,"artist","spotify:artist:2mdhxkqoWFBLtEC5FRkMD0"
57731,"baltimore indie","https://api.spotify.com/v1/artists/1VfgWum48nwYJcCfdPwWgs","1VfgWum48nwYJcCfdPwWgs","Michael Nau",51,"artist","spotify:artist:1VfgWum48nwYJcCfdPwWgs"
21438719,"garage rock, modern rock, permanent wave, rock, sheffield indie","https://api.spotify.com/v1/artists/7Ln80lUS6He07XvHI8qqHH","7Ln80lUS6He07XvHI8qqHH","Arctic Monkeys",85,"artist","spotify:artist:7Ln80lUS6He07XvHI8qqHH"
45411,"french indie pop, french indietronica, new french touch","https://api.spotify.com/v1/artists/4UqXejsLj7uwZmzQ9vkmg8","4UqXejsLj7uwZmzQ9vkmg8","Les Gordon",45,"artist","spotify:artist:4UqXejsLj7uwZmzQ9vkmg8"
5946442,"canadian hip hop, canadian trap, melodic rap, pop rap, r&b, rap, trap","https://api.spotify.com/v1/artists/2jku7tDXc6XoB6MO2hFuqg","2jku7tDXc6XoB6MO2hFuqg","Tory Lanez",79,"artist","spotify:artist:2jku7tDXc6XoB6MO2hFuqg"
9200987,"contemporary country, country","https://api.spotify.com/v1/artists/718COspgdWOnwOFpJHRZHS","718COspgdWOnwOFpJHRZHS","Luke Combs",83,"artist","spotify:artist:718COspgdWOnwOFpJHRZHS"
26381,"bubblegrunge","https://api.spotify.com/v1/artists/0fNyhBvhR5Xw6s0EYQewUa","0fNyhBvhR5Xw6s0EYQewUa","Sweet Pill",43,"artist","spotify:artist:0fNyhBvhR5Xw6s0EYQewUa"
100860,"alaska indie","https://api.spotify.com/v1/artists/4o16FybIZV7WPD7tOl7PUd","4o16FybIZV7WPD7tOl7PUd","Ralph Castelli",54,"artist","spotify:artist:4o16FybIZV7WPD7tOl7PUd"
323341,"downtempo, electropop, shiver pop","https://api.spotify.com/v1/artists/2LZDXcxJWgsJfKXZv9a5eG","2LZDXcxJWgsJfKXZv9a5eG","Cashmere Cat",52,"artist","spotify:artist:2LZDXcxJWgsJfKXZv9a5eG"
84685,"boston indie","https://api.spotify.com/v1/artists/19lQ2rJLlP71FOKESiMNJT","19lQ2rJLlP71FOKESiMNJT","Ripe",46,"artist","spotify:artist:19lQ2rJLlP71FOKESiMNJT"
26829,"chillhop, lo-fi beats","https://api.spotify.com/v1/artists/2a42gzUH51UAvwcfy0N6JT","2a42gzUH51UAvwcfy0N6JT","Fujitsu",44,"artist","spotify:artist:2a42gzUH51UAvwcfy0N6JT"
9614,"","https://api.spotify.com/v1/artists/3KJzwEs0Tr6egQZ65WTncE","3KJzwEs0Tr6egQZ65WTncE","Stevedreez",37,"artist","spotify:artist:3KJzwEs0Tr6egQZ65WTncE"
2770,"brooklyn indie","https://api.spotify.com/v1/artists/0ZZBzndaYgoAtcc9T73xqc","0ZZBzndaYgoAtcc9T73xqc","Aligns",36,"artist","spotify:artist:0ZZBzndaYgoAtcc9T73xqc"
4653,"","https://api.spotify.com/v1/artists/218vhB0brgQIVn4ldcXXUl","218vhB0brgQIVn4ldcXXUl","COULOU",29,"artist","spotify:artist:218vhB0brgQIVn4ldcXXUl"
2439268,"bedroom pop, bubblegrunge, indie pop, pov: indie","https://api.spotify.com/v1/artists/35l9BRT7MXmM8bv2WDQiyB","35l9BRT7MXmM8bv2WDQiyB","beabadoobee",74,"artist","spotify:artist:35l9BRT7MXmM8bv2WDQiyB"
38915,"instrumental post-rock","https://api.spotify.com/v1/artists/64Ql0eGtS5olwVo47Km3zt","64Ql0eGtS5olwVo47Km3zt","Black Hill",43,"artist","spotify:artist:64Ql0eGtS5olwVo47Km3zt"
1057140,"liverpool indie, modern alternative rock, modern rock","https://api.spotify.com/v1/artists/0Ya43ZKWHTKkAbkoJJkwIB","0Ya43ZKWHTKkAbkoJJkwIB","The Wombats",61,"artist","spotify:artist:0Ya43ZKWHTKkAbkoJJkwIB"
185883,"modern alternative rock, modern blues rock, modern hard rock, windsor on indie","https://api.spotify.com/v1/artists/5VPCIIfZPK8KPsgz4jmOEC","5VPCIIfZPK8KPsgz4jmOEC","The Blue Stones",53,"artist","spotify:artist:5VPCIIfZPK8KPsgz4jmOEC"
209922,"aussietronica, brisbane indie","https://api.spotify.com/v1/artists/4OSArit7O2Jaj4mgf3YN7A","4OSArit7O2Jaj4mgf3YN7A","Mallrat",57,"artist","spotify:artist:4OSArit7O2Jaj4mgf3YN7A"
765648,"alt z, nz pop","https://api.spotify.com/v1/artists/0Cp8WN4V8Tu4QJQwCN5Md4","0Cp8WN4V8Tu4QJQwCN5Md4","BENEE",64,"artist","spotify:artist:0Cp8WN4V8Tu4QJQwCN5Md4"
82490,"modern rock, pov: indie","https://api.spotify.com/v1/artists/6Bllzm0olEwqGwPujaLiuA","6Bllzm0olEwqGwPujaLiuA","Arlie",46,"artist","spotify:artist:6Bllzm0olEwqGwPujaLiuA"
161454,"indie soul","https://api.spotify.com/v1/artists/587PA35pRGL1JwQr6idJbb","587PA35pRGL1JwQr6idJbb","NEIL FRANCES",64,"artist","spotify:artist:587PA35pRGL1JwQr6idJbb"
190543,"folk-pop","https://api.spotify.com/v1/artists/59sBwR0jPSTrbMtuTkRPN5","59sBwR0jPSTrbMtuTkRPN5","Wild Rivers",64,"artist","spotify:artist:59sBwR0jPSTrbMtuTkRPN5"
3294,"","https://api.spotify.com/v1/artists/6l6NgkV6IWYKlRN7jHCQmt","6l6NgkV6IWYKlRN7jHCQmt","Stanley Myers",41,"artist","spotify:artist:6l6NgkV6IWYKlRN7jHCQmt"
1040638,"bedroom pop, la indie","https://api.spotify.com/v1/artists/2sSGPbdZJkaSE2AbcGOACx","2sSGPbdZJkaSE2AbcGOACx","The Marías",68,"artist","spotify:artist:2sSGPbdZJkaSE2AbcGOACx"
298766,"bedroom pop, rochester mn indie","https://api.spotify.com/v1/artists/6ft7JnxMyZhp7N52qzHymY","6ft7JnxMyZhp7N52qzHymY","Vansire",65,"artist","spotify:artist:6ft7JnxMyZhp7N52qzHymY"
1721057,"alt z, indie pop, nyc pop","https://api.spotify.com/v1/artists/6beUvFUlKliUYJdLOXNj9C","6beUvFUlKliUYJdLOXNj9C","King Princess",57,"artist","spotify:artist:6beUvFUlKliUYJdLOXNj9C"
154200,"modern alternative pop","https://api.spotify.com/v1/artists/6QzMY3tnu0m56eKUnr4uCF","6QzMY3tnu0m56eKUnr4uCF","Alfie Templeman",54,"artist","spotify:artist:6QzMY3tnu0m56eKUnr4uCF"
109049,"brostep, deathstep, dubstep","https://api.spotify.com/v1/artists/06VibSJEr3GLxLBBZhRums","06VibSJEr3GLxLBBZhRums","Dion Timmer",47,"artist","spotify:artist:06VibSJEr3GLxLBBZhRums"
869611,"singer-songwriter pop","https://api.spotify.com/v1/artists/5zixe6AbgXPqt4c1uSl94L","5zixe6AbgXPqt4c1uSl94L","Connor Price",71,"artist","spotify:artist:5zixe6AbgXPqt4c1uSl94L"
7447,"hopebeat","https://api.spotify.com/v1/artists/7sAXoFldVGlGtZ5LPVtAYD","7sAXoFldVGlGtZ5LPVtAYD","Sean McVerry",25,"artist","spotify:artist:7sAXoFldVGlGtZ5LPVtAYD"
59973,"la pop","https://api.spotify.com/v1/artists/7FhRUp59cBzPaxobsRY1Nc","7FhRUp59cBzPaxobsRY1Nc","Bay Ledges",55,"artist","spotify:artist:7FhRUp59cBzPaxobsRY1Nc"
44559,"kansas indie","https://api.spotify.com/v1/artists/7FvQR6QFfXmW18dyMqnHvv","7FvQR6QFfXmW18dyMqnHvv","Tommy Newport",46,"artist","spotify:artist:7FvQR6QFfXmW18dyMqnHvv"
37400,"indie electropop","https://api.spotify.com/v1/artists/6FmiNnTXQJTmOMAx4kB38R","6FmiNnTXQJTmOMAx4kB38R","Grady",45,"artist","spotify:artist:6FmiNnTXQJTmOMAx4kB38R"
24345,"austindie, pop soul","https://api.spotify.com/v1/artists/3H03S3ZtyYLdzsk6EYndUL","3H03S3ZtyYLdzsk6EYndUL","Sir Woman",44,"artist","spotify:artist:3H03S3ZtyYLdzsk6EYndUL"
6895819,"atl hip hop, melodic rap, rap, trap","https://api.spotify.com/v1/artists/0VRj0yCOv2FXJNP47XQnx5","0VRj0yCOv2FXJNP47XQnx5","Quavo",79,"artist","spotify:artist:0VRj0yCOv2FXJNP47XQnx5"
265374,"instrumental math rock, instrumental post-rock, japanese emo, japanese math rock, japanese post-rock, math rock, midwest emo, post-rock","https://api.spotify.com/v1/artists/0rpKM0MniNkXM1SLSglYUZ","0rpKM0MniNkXM1SLSglYUZ","toe",45,"artist","spotify:artist:0rpKM0MniNkXM1SLSglYUZ"
1392236,"filter house, indie soul","https://api.spotify.com/v1/artists/2FwDTncULUnmANIh7qKa5z","2FwDTncULUnmANIh7qKa5z","FKJ",65,"artist","spotify:artist:2FwDTncULUnmANIh7qKa5z"
7244,"indie hip hop","https://api.spotify.com/v1/artists/1orGzEcUk9PolAOUmBZLR1","1orGzEcUk9PolAOUmBZLR1","Jurdan Bryant",37,"artist","spotify:artist:1orGzEcUk9PolAOUmBZLR1"
4877916,"pop","https://api.spotify.com/v1/artists/2cFrymmkijnjDg9SS92EPM","2cFrymmkijnjDg9SS92EPM","blackbear",74,"artist","spotify:artist:2cFrymmkijnjDg9SS92EPM"
178267,"britpop","https://api.spotify.com/v1/artists/14Gi3Uph96lpNB3utkoVAD","14Gi3Uph96lpNB3utkoVAD","Hard-FI",41,"artist","spotify:artist:14Gi3Uph96lpNB3utkoVAD"
401009,"deep groove house, edm, electro house, future house, house, pop dance, progressive house","https://api.spotify.com/v1/artists/1KpCi9BOfviCVhmpI4G2sY","1KpCi9BOfviCVhmpI4G2sY","Tchami",57,"artist","spotify:artist:1KpCi9BOfviCVhmpI4G2sY"
9087,"texas metal","https://api.spotify.com/v1/artists/0nLFDUWGeYyJ88FNXnx4Xg","0nLFDUWGeYyJ88FNXnx4Xg","Post Profit",25,"artist","spotify:artist:0nLFDUWGeYyJ88FNXnx4Xg"
1657380,"alt z, electropop","https://api.spotify.com/v1/artists/2FovgCfOwN9iqbkCBlKFdT","2FovgCfOwN9iqbkCBlKFdT","Ellise",58,"artist","spotify:artist:2FovgCfOwN9iqbkCBlKFdT"
71512,"indie hip hop, vermont indie","https://api.spotify.com/v1/artists/5uhqkMm8dyQvX83kl4Znq0","5uhqkMm8dyQvX83kl4Znq0","99 Neighbors",42,"artist","spotify:artist:5uhqkMm8dyQvX83kl4Znq0"
55947,"lo-fi beats, lo-fi rap","https://api.spotify.com/v1/artists/6sa0lNcq7YdXNnQKZHFb0D","6sa0lNcq7YdXNnQKZHFb0D","biosphere",46,"artist","spotify:artist:6sa0lNcq7YdXNnQKZHFb0D"
254468,"indie soul, modern alternative pop","https://api.spotify.com/v1/artists/4GoD5FJCgC0lbzde7ly44M","4GoD5FJCgC0lbzde7ly44M","Biig Piig",58,"artist","spotify:artist:4GoD5FJCgC0lbzde7ly44M"
36956,"indie garage rock, liverpool indie","https://api.spotify.com/v1/artists/2eg89iLHG4JMEUZQmFaxou","2eg89iLHG4JMEUZQmFaxou","Trudy and the Romance",37,"artist","spotify:artist:2eg89iLHG4JMEUZQmFaxou"
404979,"alt z, bedroom pop, pov: indie","https://api.spotify.com/v1/artists/1dy5WNgIKQU6ezkpZs4y8z","1dy5WNgIKQU6ezkpZs4y8z","ROLE MODEL",56,"artist","spotify:artist:1dy5WNgIKQU6ezkpZs4y8z"
156,"","https://api.spotify.com/v1/artists/3rSHccifYdKMnGnzF3K1Ba","3rSHccifYdKMnGnzF3K1Ba","Radiolab",0,"artist","spotify:artist:3rSHccifYdKMnGnzF3K1Ba"
276057,"pov: indie, uk pop","https://api.spotify.com/v1/artists/6hV6oxGLeLFw17DGjIPkYD","6hV6oxGLeLFw17DGjIPkYD","Cosmo Sheldrake",53,"artist","spotify:artist:6hV6oxGLeLFw17DGjIPkYD"
18178,"dark pop","https://api.spotify.com/v1/artists/3niPESDNKjDtTNfWzxZkXv","3niPESDNKjDtTNfWzxZkXv","Herizen",35,"artist","spotify:artist:3niPESDNKjDtTNfWzxZkXv"
230,"","https://api.spotify.com/v1/artists/2DHbyC7MLmV3JPVKT9RHdx","2DHbyC7MLmV3JPVKT9RHdx","Restaurante Clásico Jazz",29,"artist","spotify:artist:2DHbyC7MLmV3JPVKT9RHdx"
3540,"","https://api.spotify.com/v1/artists/43Q5wEpQIrdf4h9TG6uXLl","43Q5wEpQIrdf4h9TG6uXLl","Orange Culture",17,"artist","spotify:artist:43Q5wEpQIrdf4h9TG6uXLl"
257476,"nashville indie, pov: indie","https://api.spotify.com/v1/artists/7vtSUU3zpHeYJfX6BPNrJd","7vtSUU3zpHeYJfX6BPNrJd","Briston Maroney",58,"artist","spotify:artist:7vtSUU3zpHeYJfX6BPNrJd"
144683,"chinese electropop","https://api.spotify.com/v1/artists/6fs2or0cKLEM2xohWq8SoX","6fs2or0cKLEM2xohWq8SoX","Lexie Liu",54,"artist","spotify:artist:6fs2or0cKLEM2xohWq8SoX"
